-- phpMyAdmin SQL Dump
-- version 3.4.10.1
-- http://www.phpmyadmin.net
--
-- Host: localhost
-- Generation Time: Aug 03, 2012 at 06:48 PM
-- Server version: 5.1.63
-- PHP Version: 5.2.6

SET FOREIGN_KEY_CHECKS=0;
SET SQL_MODE="NO_AUTO_VALUE_ON_ZERO";
SET time_zone = "+00:00";


/*!40101 SET @OLD_CHARACTER_SET_CLIENT=@@CHARACTER_SET_CLIENT */;
/*!40101 SET @OLD_CHARACTER_SET_RESULTS=@@CHARACTER_SET_RESULTS */;
/*!40101 SET @OLD_COLLATION_CONNECTION=@@COLLATION_CONNECTION */;
/*!40101 SET NAMES utf8 */;

--
-- Database: `rentnchi_masto`
--
DROP DATABASE `rentnchi_masto`;
CREATE DATABASE `rentnchi_masto` DEFAULT CHARACTER SET latin1 COLLATE latin1_swedish_ci;
USE `rentnchi_masto`;

-- --------------------------------------------------------

--
-- Table structure for table `mail_message`
--

CREATE TABLE IF NOT EXISTS `mail_message` (
  `id` bigint(20) NOT NULL AUTO_INCREMENT,
  `message` longblob NOT NULL,
  `created_at` datetime NOT NULL,
  `updated_at` datetime NOT NULL,
  PRIMARY KEY (`id`)
) ENGINE=InnoDB DEFAULT CHARSET=latin1 AUTO_INCREMENT=1 ;

-- --------------------------------------------------------

--
-- Table structure for table `md_apartamento`
--

CREATE TABLE IF NOT EXISTS `md_apartamento` (
  `id` int(11) NOT NULL AUTO_INCREMENT,
  `md_locacion_id` int(11) NOT NULL,
  `activo` tinyint(1) DEFAULT '0',
  `tipo` enum('comission','fullservice') NOT NULL,
  `md_user_id` int(11) DEFAULT NULL,
  `md_currency_id` int(11) NOT NULL DEFAULT '1',
  `precio_alta` float(18,2) NOT NULL,
  `precio_media` float(18,2) NOT NULL,
  `precio_baja` float(18,2) NOT NULL,
  `cantidad_personas` int(11) NOT NULL DEFAULT '2',
  `created_at` datetime NOT NULL,
  `updated_at` datetime NOT NULL,
  PRIMARY KEY (`id`),
  KEY `md_locacion_id_idx` (`md_locacion_id`),
  KEY `md_user_id_idx` (`md_user_id`),
  KEY `md_currency_id_idx` (`md_currency_id`)
) ENGINE=InnoDB  DEFAULT CHARSET=latin1 AUTO_INCREMENT=19 ;

--
-- Dumping data for table `md_apartamento`
--

INSERT INTO `md_apartamento` (`id`, `md_locacion_id`, `activo`, `tipo`, `md_user_id`, `md_currency_id`, `precio_alta`, `precio_media`, `precio_baja`, `cantidad_personas`, `created_at`, `updated_at`) VALUES
(2, 1, 1, 'comission', 1, 2, 375.00, 275.00, 175.00, 4, '2012-01-31 23:02:26', '2012-07-26 16:53:41'),
(3, 1, 1, 'comission', 7, 2, 520.00, 330.00, 240.00, 4, '2012-02-09 18:36:28', '2012-07-26 17:51:15'),
(4, 2, 1, 'comission', 1, 2, 720.00, 625.00, 520.00, 9, '2012-03-01 16:44:00', '2012-07-26 17:27:42'),
(5, 1, 1, 'comission', 7, 2, 375.00, 275.00, 175.00, 6, '2012-03-01 18:23:54', '2012-07-26 17:59:14'),
(6, 1, 1, 'comission', 8, 2, 325.00, 225.00, 175.00, 6, '2012-03-22 18:14:36', '2012-07-26 18:00:11'),
(7, 1, 1, 'comission', 7, 2, 375.00, 225.00, 175.00, 6, '2012-03-22 19:42:35', '2012-07-26 18:01:15'),
(8, 1, 1, 'comission', 11, 2, 250.00, 175.00, 100.00, 4, '2012-03-25 16:57:48', '2012-07-26 18:02:03'),
(11, 1, 1, 'comission', 15, 2, 175.00, 150.00, 125.00, 2, '2012-07-25 14:43:15', '2012-07-26 18:06:09'),
(12, 1, 1, 'comission', 16, 2, 225.00, 175.00, 125.00, 2, '2012-07-25 16:21:08', '2012-07-26 18:10:29'),
(13, 3, 1, 'comission', 18, 2, 90.00, 80.00, 80.00, 2, '2012-07-26 17:02:47', '2012-07-26 17:53:34'),
(14, 1, 1, 'comission', 19, 2, 444.00, 325.00, 250.00, 2, '2012-07-26 18:42:06', '2012-07-26 18:42:06'),
(15, 1, 1, 'comission', 19, 2, 300.00, 250.00, 200.00, 4, '2012-07-29 20:40:07', '2012-07-29 20:40:07'),
(16, 1, 1, 'comission', 19, 2, 450.00, 325.00, 250.00, 5, '2012-07-29 21:12:11', '2012-07-29 21:12:11'),
(17, 1, 1, 'comission', 22, 2, 175.00, 100.00, 75.00, 4, '2012-07-29 23:26:01', '2012-07-29 23:26:01'),
(18, 1, 1, 'comission', 24, 2, 187.00, 154.00, 110.00, 4, '2012-08-03 14:46:34', '2012-08-03 14:46:34');

-- --------------------------------------------------------

--
-- Table structure for table `md_apartamento_md_comodidad`
--

CREATE TABLE IF NOT EXISTS `md_apartamento_md_comodidad` (
  `md_apartamento_id` int(11) NOT NULL DEFAULT '0',
  `md_comodidad_id` int(11) NOT NULL DEFAULT '0',
  PRIMARY KEY (`md_apartamento_id`,`md_comodidad_id`),
  KEY `md_apartamento_md_comodidad_md_comodidad_id_md_comodidad_id` (`md_comodidad_id`)
) ENGINE=InnoDB DEFAULT CHARSET=latin1;

--
-- Dumping data for table `md_apartamento_md_comodidad`
--

INSERT INTO `md_apartamento_md_comodidad` (`md_apartamento_id`, `md_comodidad_id`) VALUES
(3, 1),
(14, 1),
(15, 1),
(16, 1),
(2, 2),
(3, 2),
(4, 2),
(5, 2),
(6, 2),
(7, 2),
(8, 2),
(11, 2),
(13, 2),
(17, 2),
(2, 3),
(3, 3),
(4, 3),
(6, 3),
(7, 3),
(8, 3),
(12, 3),
(14, 3),
(15, 3),
(16, 3),
(17, 3),
(2, 4),
(3, 4),
(6, 4),
(7, 4),
(8, 4),
(14, 4),
(15, 4),
(16, 4),
(2, 5),
(3, 5),
(4, 5),
(5, 5),
(12, 5),
(13, 5),
(17, 5),
(2, 6),
(3, 6),
(4, 6),
(5, 6),
(6, 6),
(7, 6),
(8, 6),
(11, 6),
(12, 6),
(13, 6),
(14, 6),
(15, 6),
(16, 6),
(17, 6),
(3, 8),
(6, 8),
(7, 8),
(8, 8),
(4, 9),
(12, 9),
(2, 10),
(4, 10),
(5, 10),
(6, 10),
(7, 10),
(8, 10),
(11, 10),
(12, 10),
(17, 10),
(18, 10),
(2, 11),
(3, 11),
(4, 11),
(5, 11),
(14, 11),
(15, 11),
(16, 11),
(17, 11),
(18, 11),
(14, 12),
(15, 12),
(16, 12),
(17, 12),
(18, 12),
(3, 13),
(4, 13),
(5, 13),
(12, 13),
(3, 14),
(6, 14),
(7, 14),
(2, 15),
(3, 15),
(4, 15),
(5, 15),
(6, 15),
(7, 15),
(8, 15),
(12, 15),
(13, 15),
(15, 15),
(17, 15),
(4, 16),
(5, 16),
(12, 16),
(13, 16),
(17, 16),
(3, 17),
(14, 17),
(15, 17),
(16, 17),
(18, 17),
(3, 18),
(6, 18),
(7, 18),
(8, 18),
(14, 18),
(15, 18),
(16, 18),
(18, 18),
(2, 19),
(3, 19),
(4, 19),
(5, 19),
(6, 19),
(7, 19),
(8, 19),
(11, 19),
(12, 19),
(14, 19),
(16, 19),
(17, 19),
(18, 19),
(2, 20),
(3, 20),
(4, 20),
(12, 20),
(17, 20);

-- --------------------------------------------------------

--
-- Table structure for table `md_apartamento_search`
--

CREATE TABLE IF NOT EXISTS `md_apartamento_search` (
  `id` int(11) NOT NULL DEFAULT '0',
  `md_locacion_id` int(11) NOT NULL,
  `precio_alta` float(18,2) NOT NULL,
  `precio_media` float(18,2) NOT NULL,
  `precio_baja` float(18,2) NOT NULL,
  `cantidad_personas` int(11) NOT NULL,
  `tipo_propiedad` enum('apartment','house','bedNbreakfast','cabin','villa','castle','dorm','treehouse','boat','automobile','igloo') DEFAULT NULL,
  `metraje` int(11) DEFAULT NULL,
  `cuartos` int(11) DEFAULT NULL,
  PRIMARY KEY (`id`)
) ENGINE=InnoDB DEFAULT CHARSET=latin1;

--
-- Dumping data for table `md_apartamento_search`
--

INSERT INTO `md_apartamento_search` (`id`, `md_locacion_id`, `precio_alta`, `precio_media`, `precio_baja`, `cantidad_personas`, `tipo_propiedad`, `metraje`, `cuartos`) VALUES
(2, 1, 288.06, 211.25, 134.43, 4, 'apartment', 110, 2),
(3, 1, 399.45, 253.50, 184.36, 4, 'apartment', 100, 2),
(4, 2, 553.08, 480.10, 399.45, 9, 'house', 200, 4),
(5, 1, 288.06, 211.25, 134.43, 6, 'house', 150, 3),
(6, 1, 249.65, 172.84, 134.43, 6, 'apartment', 150, 3),
(7, 1, 288.06, 172.84, 134.43, 6, 'apartment', 160, 3),
(8, 1, 192.04, 134.43, 76.82, 4, 'apartment', 90, 1),
(10, 1, 69.14, 61.45, 53.77, 2, 'house', 40, 1),
(11, 1, 134.43, 115.23, 96.02, 2, 'house', 65, 1),
(12, 1, 172.84, 134.43, 96.02, 2, 'house', 0, 1),
(13, 3, 69.14, 61.45, 61.45, 2, 'house', 40, 1),
(14, 1, 341.07, 249.65, 192.04, 2, 'apartment', 160, 2),
(15, 1, 230.45, 192.04, 153.63, 4, 'apartment', 65, 1),
(16, 1, 345.68, 249.65, 192.04, 5, 'apartment', 105, 2),
(17, 1, 134.43, 76.82, 57.61, 4, 'house', 180, 2),
(18, 1, 149.19, 122.87, 87.76, 4, 'apartment', 43, 1);

-- --------------------------------------------------------

--
-- Table structure for table `md_apartamento_translation`
--

CREATE TABLE IF NOT EXISTS `md_apartamento_translation` (
  `id` int(11) NOT NULL DEFAULT '0',
  `titulo` varchar(200) NOT NULL,
  `copete` text,
  `descripcion` text NOT NULL,
  `lang` char(2) NOT NULL DEFAULT '',
  PRIMARY KEY (`id`,`lang`)
) ENGINE=InnoDB DEFAULT CHARSET=latin1;

--
-- Dumping data for table `md_apartamento_translation`
--

INSERT INTO `md_apartamento_translation` (`id`, `titulo`, `copete`, `descripcion`, `lang`) VALUES
(2, 'Apartamento Graciana', 'Amplio y luminoso apartamento, muy bien ubicado, a pasos del mar y del área comercial. ', 'Este apartamento esta en una típica finca de veraneo de Punta del Este. Esta totalmente reformado y cuenta con un estilo  rústico de la mejor calidad, brindando todo el confort necesario para estadía. \r\nLa cocina es uno de los ambientes que mas se destaca al contar con todo lo necesario para realizar cualquier tipo de comida. Al ser una cocina americana y estar integrada al salón torna el ambiente mas acogedor. Tiene un coqueto balcón y un pequeño patio donde se encuentra la lavadora.\r\nLa habitación  principal tiene una cama king size y es en swuite. La otra habitación tiene dos camas individuales. ', 'es'),
(3, 'Ventisquero', 'Precioso apartamento con la mejor vista, a un paso del mar y del museo de Casapueblo', 'Este apartamento esta ubicado en una zona excepcional, con la mejor vista al mejor atardecer de Punta del este.\r\nApartamento luminoso, funcional, cuenta con una cocina americana integrada al salon y a la terraza frente al mar. \r\nTiene 1 habitacion principal ensuite y otra mas pequeña también ensuite.\r\nLugar ideal para pasar un momento de relax y armonía', 'es'),
(4, 'Casa Pindó', 'Increíble casa sobre el mar, obra del reconocido arquitecto Ravazzani.', 'Esta destacada vivienda en Punta del Diablo, donde no se encuentran muchas como esta, se encuentra en un lugar privilegiado de la zona sobre la duna con vista al mar, ubicada en la Playa de la viuda.\r\nTiene 3 niveles, el nivel inferior es donde se encuentra un gran dormitorio de servicio con living y mesa de ping pong, todo integrado y baño completo. Luego el primer piso que sería la planta baja, encontraremos el salón principal, comedor, cocina totalmente equipada y toilette. En este nivel es donde se encuentra la terraza externa con parrillero y todas las comodidades para disfrutar de un día de playa con el confort de estar en casa. \r\nEl nivel superior cuenta con 3 habitaciones una principal en suite. Otra de invitados  con cama matrimonial, una habitación con 4 camas y un baño completo.Todas las habitaciones tienen su propia estufa a leña.\r\n', 'es'),
(5, 'Chalet Trufa', 'Casa con estilo con vista panorámica al mar en zona muy tranquila.', 'Esta acogedora casa en El Chorro cuenta con una vista panorámica al mar y esta a solo 4 cuadras de la playa. Cuenta con 2 plantas, la inferior donde se encuentran las 3 habitaciones, dos con cama matrimoniales y la otra mas pequeña con una camas individuales. En esta planta también hay un baño completo.\r\nLa planta superior es cómoda y luminosa, tiene una excelente distribución. La cocina esta totalmente equipada y todo esta integrado en un mismo espacio con el comedor y salón principal, donde hay una estufa a leña. Todo este espacio esta rodeado de ventanales de donde puede disfrutar el paisaje, afuera tiene una terraza con parrillero, zona de relax y comedor.\r\nEn el jardín hay un espacio techado con parrilero y otro comedor para festejar cualquier ocasión especial. Esta casa también cuenta con garaje y alarma. ', 'es'),
(6, 'Parquemar I', 'Apartamento en pleno centro de Punta del Este con vistas a la Playa Brava y Playa mansa.\r\n', 'Apartamento muy bien ubicado, a pasos del mar y del centro comercial.\r\nEl apartamento consta de 3 dormitorios, el principal en suite y otro baño mas', 'es'),
(7, 'Parquemar II', 'Apartamento  en la península, en el centro de Punta del Este, mucha luz y vistas a la playa Brava y Mansa.', 'Apartamento muy bien ubicado, cerca del mar y del centro comercial.\r\nA pocos pasos de la estación de autobús, bancos, restaurante, parada de taxi, casinos, etc.\r\nEl apartamento consta de 3 dormitorios, el principal en suite con hidro-masaje. Los otros dormitorios tienen camas individuales y comparten un baño.\r\nAmplio y luminoso gracias a su altura, desde el mismo puede disfrutar de una maravillosa vista de la península.\r\nCocina completa y balcon cerrado de donde puede disfrutar el mar.', 'es'),
(8, 'Cuatro Mares', 'Apartamento en el casco antiguo de Punta del Este con vistas al Faro, zona muy tranquila y cerca del puerto', 'El apartamento consta de 1 habitación con 2 camas, baño, cocina, salòn con sillón cama para 2 personas y terraza con vistas al faro de punta del este y al mar.\r\nLugar ideal para descansar y sentir el ruido del mar, salir a caminar ya que esta a 1 cuadra de la rambla y a 5 del puerto.', 'es'),
(11, 'Simpático Chalet #6114', 'No se pierda esta oportunidad!', 'Casa en la barra para alquilar a buen precio, un dormitorio y un baño, con parrillero en un deck de 15 m2,Consulte!', 'es'),
(12, 'Perros Negros  #6046', 'Excelente Loft de 2 Plantas en La Barra', 'CASA DE DOS PLANTAS TIPO LOFT.PLANTA BAJA, LIVING CON COCINA INTEGRADA Y BAÑO SOCIAL.PLANTA ALTA, DORMITORIO CON BAÑO EN SUITE Y TERRAZA.JARDIN DE 1500 METROS CERCADO Y CON PORTON, PARRILLERO ABIERTO CON PERGOLA Y DECK. ', 'es'),
(13, 'La Serena', 'Ideal para descansar y desconectarse en la naturaleza.', 'Casa tipo loft en el medio del bosque, a pocas calles del mar. Cuenta con un amplio deck para disfrutar al aire libre. Area techada con parrillero, horno de barro y comedor. Gran jardín con un espacio especial para hacer fogones. ', 'es'),
(14, 'Terrazas de Manantiales #5321', 'Espectacular apartamento en una de las zonas mas top de Punta del Este.', 'Muy buena planta en el complejo Terrazas de Manantiales. Tiene 2 dormitorios, 2 baños, una espectacular terraza con vista al mar. Súper equipado, calefacción central a gas oíl, excelente ubicación para disfrutar de tus vacaciones.', 'es'),
(15, 'Terrazas de Manantiales #5362', 'Pequeño apartamento frente al mar.', 'Este apartamento esta en un complejo de categoría. Tiene 1 dormitorio, 1 baño, y cunat con un área de 65 m2. Tiene capacidad para 4 personas. Al salir del apartamento puede bajar directamente a la playa. Cuenta con servicio de limpieza.\r\n', 'es'),
(16, 'Terrazas de Manantiales #5323', 'Apartamento frente al mar con estilo mexicano.', 'Alegre y amplio apartamento en una de las mejores ubicaciones de Punta del Este. Complejo de alta categoría frente al mar.\r\nDecorado con estilo mexicano tradicional. Cuenta con dos dormitorios y dos baños, esta muy bien equipado. ', 'es'),
(17, 'Casa en el Tesoro #5998', 'Muy buena opción para una familia, entorno natural.', 'Hermosa casa ubicada en una zona tranquila y residencial de Punta del Este. Tiene dos dormitorios,  un baño y cocina completa. Totalmente equipada, con sala de musculación, wi-fi,  y TV con cable.\r\nTiene garaje techado.\r\nMuy agradable jardín arbolado en un entorno selvático.Apto para mascotas se encuentra todo el predio cercado y cuenta con 2000 metros. Se encuentra a 400 metros de la playa y del centro de La Barra, donde encuentra una gran variedad de tiendas y ofertas gastronómicas.', 'es'),
(18, 'Roosvelt #5115', 'Practico apartamento con todas las comodidades', 'confortable planta, edificios con todos los servicios. 1 dormitorio, capacidad para 4 personas, muy bien ubicado cerca de todo.. consulte\r\n', 'es');

-- --------------------------------------------------------

--
-- Table structure for table `md_blocked_users`
--

CREATE TABLE IF NOT EXISTS `md_blocked_users` (
  `md_user_id` int(11) NOT NULL DEFAULT '0',
  `reason` varchar(128) DEFAULT NULL,
  `created_at` datetime NOT NULL,
  `updated_at` datetime NOT NULL,
  PRIMARY KEY (`md_user_id`)
) ENGINE=InnoDB DEFAULT CHARSET=latin1;

-- --------------------------------------------------------

--
-- Table structure for table `md_comodidad`
--

CREATE TABLE IF NOT EXISTS `md_comodidad` (
  `id` int(11) NOT NULL AUTO_INCREMENT,
  `imagen` varchar(100) NOT NULL,
  PRIMARY KEY (`id`)
) ENGINE=InnoDB  DEFAULT CHARSET=latin1 AUTO_INCREMENT=21 ;

--
-- Dumping data for table `md_comodidad`
--

INSERT INTO `md_comodidad` (`id`, `imagen`) VALUES
(1, 'aire-acondicionado'),
(2, 'apto-flias'),
(3, 'cable'),
(4, 'calefaccion'),
(5, 'chimenea'),
(6, 'cocina'),
(7, 'desayuno'),
(8, 'discapacitados'),
(9, 'eventos'),
(10, 'fumadores'),
(11, 'garage'),
(12, 'gimnasio'),
(13, 'internet'),
(14, 'jacuzzi'),
(15, 'lavarropa'),
(16, 'mascotas'),
(17, 'piscina'),
(18, 'portero'),
(19, 'tv'),
(20, 'wifi');

-- --------------------------------------------------------

--
-- Table structure for table `md_comodidad_translation`
--

CREATE TABLE IF NOT EXISTS `md_comodidad_translation` (
  `id` int(11) NOT NULL DEFAULT '0',
  `nombre` varchar(100) NOT NULL,
  `lang` char(2) NOT NULL DEFAULT '',
  PRIMARY KEY (`id`,`lang`)
) ENGINE=InnoDB DEFAULT CHARSET=latin1;

--
-- Dumping data for table `md_comodidad_translation`
--

INSERT INTO `md_comodidad_translation` (`id`, `nombre`, `lang`) VALUES
(1, 'air conditioning', 'en'),
(1, 'Aire acondicionado', 'es'),
(1, 'ar condicionado', 'pt'),
(2, 'Suitable for families', 'en'),
(2, 'Apto para familias', 'es'),
(2, 'Adequado para famílias', 'pt'),
(3, 'cable', 'en'),
(3, 'Cable', 'es'),
(3, 'TV a cabo', 'pt'),
(4, 'heating', 'en'),
(4, 'Calefaccion', 'es'),
(4, 'Aquecimento', 'pt'),
(5, 'fireplace', 'en'),
(5, 'Chimenea', 'es'),
(5, 'lareira', 'pt'),
(6, 'kitchen', 'en'),
(6, 'Cocina', 'es'),
(6, 'cozinha', 'pt'),
(7, 'breakfast', 'en'),
(7, 'Desayuno', 'es'),
(7, 'café da manhã', 'pt'),
(8, 'disabled', 'en'),
(8, 'Discapacitados', 'es'),
(8, 'desativado', 'pt'),
(9, 'events', 'en'),
(9, 'Eventos', 'es'),
(9, 'eventos', 'pt'),
(10, 'smokers', 'en'),
(10, 'Fumadores', 'es'),
(10, 'fumadores', 'pt'),
(11, 'Garage', 'en'),
(11, 'Garage', 'es'),
(11, 'garagem', 'pt'),
(12, 'gym', 'en'),
(12, 'Gimnasio', 'es'),
(12, 'ginásio', 'pt'),
(13, 'Internet', 'en'),
(13, 'Internet', 'es'),
(13, 'Internet', 'pt'),
(14, 'Jacuzzi', 'en'),
(14, 'Jacuzzi', 'es'),
(14, 'Jacuzzi', 'pt'),
(15, 'washing machine', 'en'),
(15, 'Lavarropa', 'es'),
(15, 'máquina de lavar', 'pt'),
(16, 'Pets', 'en'),
(16, 'Mascotas', 'es'),
(16, 'Animais de estimação', 'pt'),
(17, 'pool', 'en'),
(17, 'Piscina', 'es'),
(17, 'Piscina', 'pt'),
(18, 'porter', 'en'),
(18, 'Portero', 'es'),
(18, 'porteiro', 'pt'),
(19, 'TV', 'en'),
(19, 'TV', 'es'),
(19, 'TV', 'pt'),
(20, 'WiFi', 'en'),
(20, 'WiFi', 'es'),
(20, 'WiFi', 'pt');

-- --------------------------------------------------------

--
-- Table structure for table `md_content`
--

CREATE TABLE IF NOT EXISTS `md_content` (
  `id` int(11) NOT NULL AUTO_INCREMENT,
  `md_user_id` int(11) NOT NULL,
  `object_class` varchar(128) NOT NULL,
  `object_id` int(11) NOT NULL,
  `created_at` datetime NOT NULL,
  `updated_at` datetime NOT NULL,
  PRIMARY KEY (`id`),
  KEY `md_user_id_idx` (`md_user_id`)
) ENGINE=InnoDB  DEFAULT CHARSET=latin1 AUTO_INCREMENT=349 ;

--
-- Dumping data for table `md_content`
--

INSERT INTO `md_content` (`id`, `md_user_id`, `object_class`, `object_id`, `created_at`, `updated_at`) VALUES
(1, 1, 'mdUserProfile', 1, '2012-01-19 20:41:32', '2012-01-19 20:41:32'),
(2, 1, 'mdMediaContent', 1, '2012-01-19 21:31:37', '2012-01-19 21:31:37'),
(3, 1, 'mdMediaContent', 2, '2012-01-19 21:32:50', '2012-01-19 21:32:50'),
(4, 1, 'mdMediaContent', 3, '2012-01-19 21:33:35', '2012-01-19 21:33:35'),
(5, 1, 'mdMediaContent', 4, '2012-01-22 18:22:54', '2012-01-22 18:22:54'),
(6, 1, 'mdMediaContent', 5, '2012-01-22 18:23:18', '2012-01-22 18:23:18'),
(7, 1, 'mdMediaContent', 6, '2012-01-22 18:23:44', '2012-01-22 18:23:44'),
(8, 1, 'mdMediaContent', 7, '2012-01-22 18:24:05', '2012-01-22 18:24:05'),
(9, 1, 'mdMediaContent', 8, '2012-01-22 18:24:30', '2012-01-22 18:24:30'),
(10, 1, 'mdMediaContent', 9, '2012-01-22 18:24:53', '2012-01-22 18:24:53'),
(11, 1, 'mdMediaContent', 10, '2012-01-22 18:25:20', '2012-01-22 18:25:20'),
(12, 1, 'mdMediaContent', 11, '2012-01-22 18:25:44', '2012-01-22 18:25:44'),
(13, 1, 'mdMediaContent', 12, '2012-01-22 18:26:01', '2012-01-22 18:26:01'),
(14, 1, 'mdMediaContent', 13, '2012-01-22 18:26:15', '2012-01-22 18:26:15'),
(15, 1, 'mdMediaContent', 14, '2012-01-22 18:26:48', '2012-01-22 18:26:48'),
(18, 1, 'mdMediaContent', 15, '2012-01-31 23:04:41', '2012-01-31 23:04:41'),
(19, 1, 'mdMediaContent', 16, '2012-01-31 23:05:24', '2012-01-31 23:05:24'),
(20, 1, 'mdMediaContent', 17, '2012-01-31 23:06:10', '2012-01-31 23:06:10'),
(21, 1, 'mdMediaContent', 18, '2012-01-31 23:07:06', '2012-01-31 23:07:06'),
(22, 1, 'mdMediaContent', 19, '2012-01-31 23:08:22', '2012-01-31 23:08:22'),
(23, 1, 'mdMediaContent', 20, '2012-01-31 23:10:19', '2012-01-31 23:10:19'),
(24, 1, 'mdMediaContent', 21, '2012-01-31 23:12:50', '2012-01-31 23:12:50'),
(25, 1, 'mdMediaContent', 22, '2012-01-31 23:14:15', '2012-01-31 23:14:15'),
(26, 1, 'mdMediaContent', 23, '2012-02-06 15:25:17', '2012-02-06 15:25:17'),
(27, 1, 'mdMediaContent', 24, '2012-02-06 15:26:57', '2012-02-06 15:26:57'),
(28, 4, 'mdUserProfile', 4, '2012-02-06 16:13:20', '2012-02-06 16:13:20'),
(29, 1, 'mdMediaContent', 25, '2012-02-09 13:50:17', '2012-02-09 13:50:17'),
(30, 1, 'mdMediaContent', 26, '2012-02-09 17:22:39', '2012-02-09 17:22:39'),
(31, 1, 'mdMediaContent', 27, '2012-02-09 17:23:13', '2012-02-09 17:23:13'),
(32, 1, 'mdMediaContent', 28, '2012-02-09 17:27:51', '2012-02-09 17:27:51'),
(33, 1, 'mdMediaContent', 29, '2012-02-09 17:38:16', '2012-02-09 17:38:16'),
(34, 1, 'mdMediaContent', 30, '2012-02-09 17:39:28', '2012-02-09 17:39:28'),
(35, 1, 'mdMediaContent', 31, '2012-02-09 17:46:24', '2012-02-09 17:46:24'),
(36, 1, 'mdMediaContent', 32, '2012-02-09 18:37:24', '2012-02-09 18:37:24'),
(37, 1, 'mdMediaContent', 33, '2012-02-09 18:37:35', '2012-02-09 18:37:35'),
(38, 1, 'mdMediaContent', 34, '2012-02-09 18:37:48', '2012-02-09 18:37:48'),
(39, 1, 'mdMediaContent', 35, '2012-02-09 18:37:59', '2012-02-09 18:37:59'),
(40, 1, 'mdMediaContent', 36, '2012-02-09 18:38:09', '2012-02-09 18:38:09'),
(41, 1, 'mdMediaContent', 37, '2012-02-09 18:38:19', '2012-02-09 18:38:19'),
(42, 1, 'mdMediaContent', 38, '2012-02-09 18:38:30', '2012-02-09 18:38:30'),
(43, 1, 'mdMediaContent', 39, '2012-02-23 17:27:20', '2012-02-23 17:27:20'),
(44, 1, 'mdMediaContent', 40, '2012-02-28 12:19:21', '2012-02-28 12:19:21'),
(45, 1, 'mdMediaContent', 41, '2012-02-29 19:08:29', '2012-02-29 19:08:29'),
(46, 1, 'mdMediaContent', 42, '2012-02-29 19:15:16', '2012-02-29 19:15:16'),
(47, 1, 'mdMediaContent', 43, '2012-02-29 19:18:38', '2012-02-29 19:18:38'),
(48, 1, 'mdMediaContent', 44, '2012-02-29 19:23:11', '2012-02-29 19:23:11'),
(49, 1, 'mdMediaContent', 45, '2012-02-29 20:37:59', '2012-02-29 20:37:59'),
(50, 1, 'mdMediaContent', 46, '2012-02-29 20:51:24', '2012-02-29 20:51:24'),
(51, 1, 'mdMediaContent', 47, '2012-03-01 15:50:43', '2012-03-01 15:50:43'),
(52, 1, 'mdMediaContent', 48, '2012-03-01 15:59:30', '2012-03-01 15:59:30'),
(53, 1, 'mdMediaContent', 49, '2012-03-01 15:59:46', '2012-03-01 15:59:46'),
(54, 1, 'mdMediaContent', 50, '2012-03-01 15:59:54', '2012-03-01 15:59:54'),
(55, 1, 'mdMediaContent', 51, '2012-03-01 15:59:57', '2012-03-01 15:59:57'),
(56, 1, 'mdMediaContent', 52, '2012-03-01 16:10:35', '2012-03-01 16:10:35'),
(57, 1, 'mdMediaContent', 53, '2012-03-01 16:10:40', '2012-03-01 16:10:40'),
(58, 1, 'mdMediaContent', 54, '2012-03-01 16:10:45', '2012-03-01 16:10:45'),
(59, 1, 'mdMediaContent', 55, '2012-03-01 16:44:46', '2012-03-01 16:44:46'),
(60, 1, 'mdMediaContent', 56, '2012-03-01 16:44:51', '2012-03-01 16:44:51'),
(61, 1, 'mdMediaContent', 57, '2012-03-01 16:44:56', '2012-03-01 16:44:56'),
(62, 1, 'mdMediaContent', 58, '2012-03-01 16:45:01', '2012-03-01 16:45:01'),
(63, 1, 'mdMediaContent', 59, '2012-03-01 16:45:06', '2012-03-01 16:45:06'),
(64, 1, 'mdMediaContent', 60, '2012-03-01 16:45:11', '2012-03-01 16:45:11'),
(65, 1, 'mdMediaContent', 61, '2012-03-01 16:45:16', '2012-03-01 16:45:16'),
(66, 1, 'mdMediaContent', 62, '2012-03-01 16:45:21', '2012-03-01 16:45:21'),
(67, 1, 'mdMediaContent', 63, '2012-03-01 16:45:26', '2012-03-01 16:45:26'),
(68, 1, 'mdMediaContent', 64, '2012-03-01 16:45:32', '2012-03-01 16:45:32'),
(69, 1, 'mdMediaContent', 65, '2012-03-01 16:45:36', '2012-03-01 16:45:36'),
(70, 1, 'mdMediaContent', 66, '2012-03-01 16:45:41', '2012-03-01 16:45:41'),
(71, 1, 'mdMediaContent', 67, '2012-03-01 16:45:46', '2012-03-01 16:45:46'),
(72, 1, 'mdMediaContent', 68, '2012-03-01 16:45:51', '2012-03-01 16:45:51'),
(73, 1, 'mdMediaContent', 69, '2012-03-01 16:45:57', '2012-03-01 16:45:57'),
(74, 1, 'mdMediaContent', 70, '2012-03-01 17:10:04', '2012-03-01 17:10:04'),
(75, 1, 'mdMediaContent', 71, '2012-03-01 17:10:09', '2012-03-01 17:10:09'),
(76, 1, 'mdMediaContent', 72, '2012-03-01 17:10:14', '2012-03-01 17:10:14'),
(77, 1, 'mdMediaContent', 73, '2012-03-01 17:10:19', '2012-03-01 17:10:19'),
(78, 1, 'mdMediaContent', 74, '2012-03-01 17:10:20', '2012-03-01 17:10:20'),
(79, 1, 'mdMediaContent', 75, '2012-03-01 17:10:22', '2012-03-01 17:10:22'),
(80, 1, 'mdMediaContent', 76, '2012-03-01 17:10:23', '2012-03-01 17:10:23'),
(81, 1, 'mdMediaContent', 77, '2012-03-01 17:10:25', '2012-03-01 17:10:25'),
(82, 1, 'mdMediaContent', 78, '2012-03-01 17:20:23', '2012-03-01 17:20:23'),
(83, 1, 'mdMediaContent', 79, '2012-03-01 17:20:28', '2012-03-01 17:20:28'),
(84, 1, 'mdMediaContent', 80, '2012-03-01 17:20:32', '2012-03-01 17:20:32'),
(85, 1, 'mdMediaContent', 81, '2012-03-01 17:20:39', '2012-03-01 17:20:39'),
(86, 1, 'mdMediaContent', 82, '2012-03-01 17:20:45', '2012-03-01 17:20:45'),
(87, 1, 'mdMediaContent', 83, '2012-03-01 17:20:52', '2012-03-01 17:20:52'),
(88, 1, 'mdMediaContent', 84, '2012-03-01 17:20:58', '2012-03-01 17:20:58'),
(89, 1, 'mdMediaContent', 85, '2012-03-01 18:24:35', '2012-03-01 18:24:35'),
(90, 1, 'mdMediaContent', 86, '2012-03-01 18:24:37', '2012-03-01 18:24:37'),
(91, 1, 'mdMediaContent', 87, '2012-03-01 18:24:40', '2012-03-01 18:24:40'),
(92, 1, 'mdMediaContent', 88, '2012-03-01 18:24:42', '2012-03-01 18:24:42'),
(93, 1, 'mdMediaContent', 89, '2012-03-02 10:32:05', '2012-03-02 10:32:05'),
(94, 1, 'mdMediaContent', 90, '2012-03-02 20:17:15', '2012-03-02 20:17:15'),
(95, 1, 'mdMediaContent', 91, '2012-03-02 20:17:17', '2012-03-02 20:17:17'),
(96, 1, 'mdMediaContent', 92, '2012-03-02 20:17:19', '2012-03-02 20:17:19'),
(97, 1, 'mdMediaContent', 93, '2012-03-02 20:17:21', '2012-03-02 20:17:21'),
(98, 1, 'mdMediaContent', 94, '2012-03-02 20:17:23', '2012-03-02 20:17:23'),
(99, 1, 'mdMediaContent', 95, '2012-03-02 20:17:25', '2012-03-02 20:17:25'),
(100, 1, 'mdMediaContent', 96, '2012-03-02 20:17:28', '2012-03-02 20:17:28'),
(101, 1, 'mdMediaContent', 97, '2012-03-02 20:17:30', '2012-03-02 20:17:30'),
(102, 1, 'mdMediaContent', 98, '2012-03-02 20:20:49', '2012-03-02 20:20:49'),
(103, 1, 'mdMediaContent', 99, '2012-03-02 20:20:51', '2012-03-02 20:20:51'),
(104, 1, 'mdMediaContent', 100, '2012-03-02 20:28:00', '2012-03-02 20:28:00'),
(105, 1, 'mdMediaContent', 101, '2012-03-02 20:28:02', '2012-03-02 20:28:02'),
(107, 1, 'mdMediaContent', 102, '2012-03-09 19:35:16', '2012-03-09 19:35:16'),
(108, 1, 'mdMediaContent', 103, '2012-03-09 19:36:16', '2012-03-09 19:36:16'),
(109, 1, 'mdMediaContent', 104, '2012-03-09 19:38:21', '2012-03-09 19:38:21'),
(110, 1, 'mdMediaContent', 105, '2012-03-09 19:39:03', '2012-03-09 19:39:03'),
(111, 1, 'mdMediaContent', 106, '2012-03-09 21:39:50', '2012-03-09 21:39:50'),
(112, 1, 'mdMediaContent', 107, '2012-03-09 21:43:19', '2012-03-09 21:43:19'),
(113, 1, 'mdMediaContent', 108, '2012-03-09 21:43:33', '2012-03-09 21:43:33'),
(115, 7, 'mdUserProfile', 7, '2012-03-21 22:08:59', '2012-03-21 22:08:59'),
(116, 8, 'mdUserProfile', 8, '2012-03-22 18:08:54', '2012-03-22 18:08:54'),
(117, 1, 'mdMediaContent', 109, '2012-03-22 18:54:57', '2012-03-22 18:54:57'),
(118, 1, 'mdMediaContent', 110, '2012-03-22 18:55:44', '2012-03-22 18:55:44'),
(119, 1, 'mdMediaContent', 111, '2012-03-22 18:56:33', '2012-03-22 18:56:33'),
(120, 1, 'mdMediaContent', 112, '2012-03-22 18:57:37', '2012-03-22 18:57:37'),
(121, 1, 'mdMediaContent', 113, '2012-03-22 18:58:27', '2012-03-22 18:58:27'),
(122, 1, 'mdMediaContent', 114, '2012-03-22 18:59:15', '2012-03-22 18:59:15'),
(123, 1, 'mdMediaContent', 115, '2012-03-22 19:00:09', '2012-03-22 19:00:09'),
(124, 1, 'mdMediaContent', 116, '2012-03-22 19:00:46', '2012-03-22 19:00:46'),
(125, 1, 'mdMediaContent', 117, '2012-03-22 19:01:15', '2012-03-22 19:01:15'),
(126, 1, 'mdMediaContent', 118, '2012-03-22 19:02:13', '2012-03-22 19:02:13'),
(127, 1, 'mdMediaContent', 119, '2012-03-22 19:02:55', '2012-03-22 19:02:55'),
(128, 1, 'mdMediaContent', 120, '2012-03-22 19:03:39', '2012-03-22 19:03:39'),
(129, 1, 'mdMediaContent', 121, '2012-03-22 19:04:29', '2012-03-22 19:04:29'),
(130, 1, 'mdMediaContent', 122, '2012-03-22 19:05:23', '2012-03-22 19:05:23'),
(131, 1, 'mdMediaContent', 123, '2012-03-22 19:06:16', '2012-03-22 19:06:16'),
(132, 1, 'mdMediaContent', 124, '2012-03-22 19:07:23', '2012-03-22 19:07:23'),
(133, 1, 'mdMediaContent', 125, '2012-03-25 13:55:44', '2012-03-25 13:55:44'),
(134, 1, 'mdMediaContent', 126, '2012-03-25 13:56:40', '2012-03-25 13:56:40'),
(135, 1, 'mdMediaContent', 127, '2012-03-25 13:57:22', '2012-03-25 13:57:22'),
(136, 1, 'mdMediaContent', 128, '2012-03-25 13:58:04', '2012-03-25 13:58:04'),
(137, 1, 'mdMediaContent', 129, '2012-03-25 13:58:42', '2012-03-25 13:58:42'),
(138, 1, 'mdMediaContent', 130, '2012-03-25 13:59:38', '2012-03-25 13:59:38'),
(139, 1, 'mdMediaContent', 131, '2012-03-25 14:00:18', '2012-03-25 14:00:18'),
(140, 1, 'mdMediaContent', 132, '2012-03-25 14:01:01', '2012-03-25 14:01:01'),
(141, 1, 'mdMediaContent', 133, '2012-03-25 14:01:51', '2012-03-25 14:01:51'),
(142, 1, 'mdMediaContent', 134, '2012-03-25 14:02:40', '2012-03-25 14:02:40'),
(143, 1, 'mdMediaContent', 135, '2012-03-25 14:03:44', '2012-03-25 14:03:44'),
(144, 1, 'mdMediaContent', 136, '2012-03-25 16:40:11', '2012-03-25 16:40:11'),
(145, 1, 'mdMediaContent', 137, '2012-03-25 17:22:42', '2012-03-25 17:22:42'),
(146, 1, 'mdMediaContent', 138, '2012-03-25 17:23:40', '2012-03-25 17:23:40'),
(147, 1, 'mdMediaContent', 139, '2012-03-25 17:24:29', '2012-03-25 17:24:29'),
(148, 1, 'mdMediaContent', 140, '2012-03-25 17:25:38', '2012-03-25 17:25:38'),
(149, 1, 'mdMediaContent', 141, '2012-03-25 17:26:41', '2012-03-25 17:26:41'),
(150, 1, 'mdMediaContent', 142, '2012-03-25 17:27:15', '2012-03-25 17:27:15'),
(151, 1, 'mdMediaContent', 143, '2012-03-25 17:28:07', '2012-03-25 17:28:07'),
(152, 1, 'mdMediaContent', 144, '2012-03-25 17:28:55', '2012-03-25 17:28:55'),
(153, 1, 'mdMediaContent', 145, '2012-03-25 17:29:43', '2012-03-25 17:29:43'),
(154, 1, 'mdMediaContent', 146, '2012-03-25 17:30:27', '2012-03-25 17:30:27'),
(155, 1, 'mdMediaContent', 147, '2012-03-25 17:31:08', '2012-03-25 17:31:08'),
(156, 1, 'mdMediaContent', 148, '2012-03-25 17:31:59', '2012-03-25 17:31:59'),
(157, 1, 'mdMediaContent', 149, '2012-03-25 17:32:44', '2012-03-25 17:32:44'),
(158, 1, 'mdMediaContent', 150, '2012-03-25 17:33:38', '2012-03-25 17:33:38'),
(159, 1, 'mdMediaContent', 151, '2012-03-25 17:58:28', '2012-03-25 17:58:28'),
(160, 1, 'mdMediaContent', 152, '2012-03-25 17:59:21', '2012-03-25 17:59:21'),
(161, 1, 'mdMediaContent', 153, '2012-03-25 18:00:11', '2012-03-25 18:00:11'),
(162, 1, 'mdMediaContent', 154, '2012-03-25 18:00:51', '2012-03-25 18:00:51'),
(163, 1, 'mdMediaContent', 155, '2012-03-25 18:01:31', '2012-03-25 18:01:31'),
(164, 1, 'mdMediaContent', 156, '2012-03-25 18:02:07', '2012-03-25 18:02:07'),
(165, 1, 'mdMediaContent', 157, '2012-03-25 18:02:46', '2012-03-25 18:02:46'),
(166, 1, 'mdMediaContent', 158, '2012-03-25 18:03:35', '2012-03-25 18:03:35'),
(167, 1, 'mdMediaContent', 159, '2012-03-25 18:04:33', '2012-03-25 18:04:33'),
(168, 1, 'mdMediaContent', 160, '2012-03-25 18:05:21', '2012-03-25 18:05:21'),
(169, 1, 'mdMediaContent', 161, '2012-03-25 18:06:09', '2012-03-25 18:06:09'),
(170, 9, 'mdUserProfile', 9, '2012-03-25 18:55:56', '2012-03-25 18:55:56'),
(171, 10, 'mdUserProfile', 10, '2012-03-25 19:19:43', '2012-03-25 19:19:43'),
(172, 11, 'mdUserProfile', 11, '2012-03-26 10:47:17', '2012-03-26 10:47:17'),
(173, 1, 'mdMediaContent', 162, '2012-03-26 14:21:22', '2012-03-26 14:21:22'),
(174, 1, 'mdMediaContent', 163, '2012-03-26 14:33:44', '2012-03-26 14:33:44'),
(175, 1, 'mdMediaContent', 164, '2012-03-26 14:34:05', '2012-03-26 14:34:05'),
(176, 1, 'mdMediaContent', 165, '2012-04-10 18:38:24', '2012-04-10 18:38:24'),
(177, 1, 'mdMediaContent', 166, '2012-04-10 18:38:42', '2012-04-10 18:38:42'),
(178, 1, 'mdMediaContent', 167, '2012-04-10 18:38:59', '2012-04-10 18:38:59'),
(179, 1, 'mdMediaContent', 168, '2012-04-10 18:39:11', '2012-04-10 18:39:11'),
(180, 1, 'mdMediaContent', 169, '2012-04-10 18:39:26', '2012-04-10 18:39:26'),
(181, 1, 'mdMediaContent', 170, '2012-04-10 18:39:40', '2012-04-10 18:39:40'),
(182, 1, 'mdMediaContent', 171, '2012-04-10 18:39:51', '2012-04-10 18:39:51'),
(183, 1, 'mdMediaContent', 172, '2012-04-10 18:40:09', '2012-04-10 18:40:09'),
(184, 1, 'mdMediaContent', 173, '2012-04-10 18:40:26', '2012-04-10 18:40:26'),
(185, 1, 'mdMediaContent', 174, '2012-04-10 18:40:42', '2012-04-10 18:40:42'),
(186, 1, 'mdMediaContent', 175, '2012-04-10 18:40:57', '2012-04-10 18:40:57'),
(187, 1, 'mdMediaContent', 176, '2012-04-10 18:41:17', '2012-04-10 18:41:17'),
(188, 1, 'mdMediaContent', 177, '2012-04-10 18:41:31', '2012-04-10 18:41:31'),
(189, 1, 'mdMediaContent', 178, '2012-04-10 18:41:48', '2012-04-10 18:41:48'),
(190, 1, 'mdMediaContent', 179, '2012-04-10 18:42:06', '2012-04-10 18:42:06'),
(191, 1, 'mdMediaContent', 180, '2012-04-10 18:42:18', '2012-04-10 18:42:18'),
(192, 1, 'mdMediaContent', 181, '2012-04-10 18:42:32', '2012-04-10 18:42:32'),
(193, 1, 'mdMediaContent', 182, '2012-04-10 18:42:44', '2012-04-10 18:42:44'),
(194, 1, 'mdMediaContent', 183, '2012-04-10 18:43:09', '2012-04-10 18:43:09'),
(195, 1, 'mdMediaContent', 184, '2012-04-10 18:43:23', '2012-04-10 18:43:23'),
(196, 1, 'mdMediaContent', 185, '2012-04-10 18:44:06', '2012-04-10 18:44:06'),
(197, 1, 'mdMediaContent', 186, '2012-04-10 18:44:29', '2012-04-10 18:44:29'),
(198, 1, 'mdMediaContent', 187, '2012-04-10 18:44:40', '2012-04-10 18:44:40'),
(199, 1, 'mdMediaContent', 188, '2012-04-10 18:45:29', '2012-04-10 18:45:29'),
(201, 1, 'mdMediaContent', 189, '2012-05-31 15:31:56', '2012-05-31 15:31:56'),
(202, 1, 'mdMediaContent', 190, '2012-05-31 15:31:59', '2012-05-31 15:31:59'),
(203, 1, 'mdMediaContent', 191, '2012-05-31 15:32:03', '2012-05-31 15:32:03'),
(204, 1, 'mdMediaContent', 192, '2012-05-31 15:32:06', '2012-05-31 15:32:06'),
(205, 1, 'mdMediaContent', 193, '2012-05-31 15:36:07', '2012-05-31 15:36:07'),
(206, 1, 'mdMediaContent', 194, '2012-05-31 15:44:01', '2012-05-31 15:44:01'),
(207, 1, 'mdMediaContent', 195, '2012-05-31 15:44:09', '2012-05-31 15:44:09'),
(208, 1, 'mdMediaContent', 196, '2012-05-31 15:44:29', '2012-05-31 15:44:29'),
(209, 1, 'mdMediaContent', 197, '2012-06-02 22:28:29', '2012-06-02 22:28:29'),
(210, 1, 'mdMediaContent', 198, '2012-06-02 22:28:31', '2012-06-02 22:28:31'),
(213, 15, 'mdUserProfile', 15, '2012-07-25 13:56:45', '2012-07-25 13:56:45'),
(214, 1, 'mdMediaContent', 199, '2012-07-25 14:46:57', '2012-07-25 14:46:57'),
(215, 1, 'mdMediaContent', 200, '2012-07-25 14:47:00', '2012-07-25 14:47:00'),
(216, 1, 'mdMediaContent', 201, '2012-07-25 14:47:03', '2012-07-25 14:47:03'),
(217, 1, 'mdMediaContent', 202, '2012-07-25 14:47:08', '2012-07-25 14:47:08'),
(218, 1, 'mdMediaContent', 203, '2012-07-25 14:47:11', '2012-07-25 14:47:11'),
(219, 1, 'mdMediaContent', 204, '2012-07-25 14:47:15', '2012-07-25 14:47:15'),
(220, 1, 'mdMediaContent', 205, '2012-07-25 14:47:20', '2012-07-25 14:47:20'),
(221, 16, 'mdUserProfile', 16, '2012-07-25 15:57:10', '2012-07-25 15:57:10'),
(222, 1, 'mdMediaContent', 206, '2012-07-25 16:31:19', '2012-07-25 16:31:19'),
(223, 1, 'mdMediaContent', 207, '2012-07-25 16:31:21', '2012-07-25 16:31:21'),
(224, 1, 'mdMediaContent', 208, '2012-07-25 16:31:23', '2012-07-25 16:31:23'),
(225, 1, 'mdMediaContent', 209, '2012-07-25 16:31:26', '2012-07-25 16:31:26'),
(226, 1, 'mdMediaContent', 210, '2012-07-25 16:31:28', '2012-07-25 16:31:28'),
(227, 1, 'mdMediaContent', 211, '2012-07-25 16:31:31', '2012-07-25 16:31:31'),
(228, 1, 'mdMediaContent', 212, '2012-07-25 16:31:34', '2012-07-25 16:31:34'),
(229, 1, 'mdMediaContent', 213, '2012-07-26 15:19:42', '2012-07-26 15:19:42'),
(230, 1, 'mdMediaContent', 214, '2012-07-26 15:19:50', '2012-07-26 15:19:50'),
(231, 1, 'mdMediaContent', 215, '2012-07-26 15:19:59', '2012-07-26 15:19:59'),
(232, 1, 'mdMediaContent', 216, '2012-07-26 15:20:07', '2012-07-26 15:20:07'),
(233, 1, 'mdMediaContent', 217, '2012-07-26 15:20:13', '2012-07-26 15:20:13'),
(234, 1, 'mdMediaContent', 218, '2012-07-26 15:20:19', '2012-07-26 15:20:19'),
(235, 1, 'mdMediaContent', 219, '2012-07-26 15:20:30', '2012-07-26 15:20:30'),
(236, 1, 'mdMediaContent', 220, '2012-07-26 15:20:36', '2012-07-26 15:20:36'),
(237, 1, 'mdMediaContent', 221, '2012-07-26 15:20:44', '2012-07-26 15:20:44'),
(238, 1, 'mdMediaContent', 222, '2012-07-26 15:20:50', '2012-07-26 15:20:50'),
(239, 1, 'mdMediaContent', 223, '2012-07-26 15:20:59', '2012-07-26 15:20:59'),
(240, 1, 'mdMediaContent', 224, '2012-07-26 15:21:08', '2012-07-26 15:21:08'),
(241, 1, 'mdMediaContent', 225, '2012-07-26 15:21:16', '2012-07-26 15:21:16'),
(242, 1, 'mdMediaContent', 226, '2012-07-26 15:21:24', '2012-07-26 15:21:24'),
(243, 1, 'mdMediaContent', 227, '2012-07-26 15:21:32', '2012-07-26 15:21:32'),
(244, 17, 'mdUserProfile', 17, '2012-07-26 15:36:59', '2012-07-26 15:36:59'),
(245, 18, 'mdUserProfile', 18, '2012-07-26 16:48:24', '2012-07-26 16:48:24'),
(246, 1, 'mdMediaContent', 228, '2012-07-26 17:04:47', '2012-07-26 17:04:47'),
(247, 1, 'mdMediaContent', 229, '2012-07-26 17:04:55', '2012-07-26 17:04:55'),
(248, 1, 'mdMediaContent', 230, '2012-07-26 17:05:03', '2012-07-26 17:05:03'),
(249, 1, 'mdMediaContent', 231, '2012-07-26 17:05:10', '2012-07-26 17:05:10'),
(250, 1, 'mdMediaContent', 232, '2012-07-26 17:05:15', '2012-07-26 17:05:15'),
(251, 1, 'mdMediaContent', 233, '2012-07-26 17:05:26', '2012-07-26 17:05:26'),
(252, 1, 'mdMediaContent', 234, '2012-07-26 17:05:33', '2012-07-26 17:05:33'),
(253, 1, 'mdMediaContent', 235, '2012-07-26 17:05:41', '2012-07-26 17:05:41'),
(254, 1, 'mdMediaContent', 236, '2012-07-26 17:05:50', '2012-07-26 17:05:50'),
(255, 1, 'mdMediaContent', 237, '2012-07-26 17:05:58', '2012-07-26 17:05:58'),
(256, 1, 'mdMediaContent', 238, '2012-07-26 17:06:08', '2012-07-26 17:06:08'),
(257, 1, 'mdMediaContent', 239, '2012-07-26 17:06:16', '2012-07-26 17:06:16'),
(258, 1, 'mdMediaContent', 240, '2012-07-26 17:25:50', '2012-07-26 17:25:50'),
(259, 1, 'mdMediaContent', 241, '2012-07-26 17:25:54', '2012-07-26 17:25:54'),
(260, 1, 'mdMediaContent', 242, '2012-07-26 17:25:59', '2012-07-26 17:25:59'),
(261, 1, 'mdMediaContent', 243, '2012-07-26 17:26:04', '2012-07-26 17:26:04'),
(262, 1, 'mdMediaContent', 244, '2012-07-26 17:46:02', '2012-07-26 17:46:02'),
(263, 1, 'mdMediaContent', 245, '2012-07-26 17:46:08', '2012-07-26 17:46:08'),
(264, 1, 'mdMediaContent', 246, '2012-07-26 17:46:13', '2012-07-26 17:46:13'),
(265, 1, 'mdMediaContent', 247, '2012-07-26 17:46:18', '2012-07-26 17:46:18'),
(266, 1, 'mdMediaContent', 248, '2012-07-26 17:46:25', '2012-07-26 17:46:25'),
(267, 1, 'mdMediaContent', 249, '2012-07-26 17:46:30', '2012-07-26 17:46:30'),
(268, 1, 'mdMediaContent', 250, '2012-07-26 17:46:35', '2012-07-26 17:46:35'),
(269, 1, 'mdMediaContent', 251, '2012-07-26 17:46:40', '2012-07-26 17:46:40'),
(270, 1, 'mdMediaContent', 252, '2012-07-26 17:46:45', '2012-07-26 17:46:45'),
(271, 1, 'mdMediaContent', 253, '2012-07-26 17:46:50', '2012-07-26 17:46:50'),
(272, 1, 'mdMediaContent', 254, '2012-07-26 17:46:56', '2012-07-26 17:46:56'),
(273, 1, 'mdMediaContent', 255, '2012-07-26 18:03:26', '2012-07-26 18:03:26'),
(274, 1, 'mdMediaContent', 256, '2012-07-26 18:04:51', '2012-07-26 18:04:52'),
(275, 1, 'mdMediaContent', 257, '2012-07-26 18:06:18', '2012-07-26 18:06:18'),
(276, 1, 'mdMediaContent', 258, '2012-07-26 18:09:28', '2012-07-26 18:09:28'),
(277, 19, 'mdUserProfile', 19, '2012-07-26 18:13:28', '2012-07-26 18:13:28'),
(278, 1, 'mdMediaContent', 259, '2012-07-26 19:02:49', '2012-07-26 19:02:49'),
(279, 1, 'mdMediaContent', 260, '2012-07-26 19:02:57', '2012-07-26 19:02:57'),
(280, 1, 'mdMediaContent', 261, '2012-07-26 19:03:00', '2012-07-26 19:03:00'),
(281, 1, 'mdMediaContent', 262, '2012-07-26 19:03:03', '2012-07-26 19:03:03'),
(282, 1, 'mdMediaContent', 263, '2012-07-26 19:03:05', '2012-07-26 19:03:05'),
(283, 1, 'mdMediaContent', 264, '2012-07-26 19:03:07', '2012-07-26 19:03:07'),
(284, 1, 'mdMediaContent', 265, '2012-07-26 19:03:09', '2012-07-26 19:03:09'),
(285, 1, 'mdMediaContent', 266, '2012-07-26 19:03:11', '2012-07-26 19:03:11'),
(286, 1, 'mdMediaContent', 267, '2012-07-26 19:03:15', '2012-07-26 19:03:15'),
(287, 1, 'mdMediaContent', 268, '2012-07-26 19:03:18', '2012-07-26 19:03:18'),
(288, 1, 'mdMediaContent', 269, '2012-07-26 19:03:20', '2012-07-26 19:03:20'),
(289, 1, 'mdMediaContent', 270, '2012-07-26 19:03:24', '2012-07-26 19:03:24'),
(290, 20, 'mdUserProfile', 20, '2012-07-26 20:12:19', '2012-07-26 20:12:19'),
(291, 21, 'mdUserProfile', 21, '2012-07-27 17:12:48', '2012-07-27 17:12:48'),
(292, 1, 'mdMediaContent', 271, '2012-07-29 20:42:26', '2012-07-29 20:42:26'),
(293, 1, 'mdMediaContent', 272, '2012-07-29 20:42:30', '2012-07-29 20:42:30'),
(294, 1, 'mdMediaContent', 273, '2012-07-29 20:42:34', '2012-07-29 20:42:34'),
(295, 1, 'mdMediaContent', 274, '2012-07-29 20:42:37', '2012-07-29 20:42:37'),
(296, 1, 'mdMediaContent', 275, '2012-07-29 20:53:32', '2012-07-29 20:53:32'),
(297, 1, 'mdMediaContent', 276, '2012-07-29 21:20:10', '2012-07-29 21:20:10'),
(298, 1, 'mdMediaContent', 277, '2012-07-29 21:20:15', '2012-07-29 21:20:15'),
(299, 1, 'mdMediaContent', 278, '2012-07-29 21:20:18', '2012-07-29 21:20:18'),
(300, 1, 'mdMediaContent', 279, '2012-07-29 21:20:25', '2012-07-29 21:20:25'),
(301, 1, 'mdMediaContent', 280, '2012-07-29 21:20:29', '2012-07-29 21:20:29'),
(302, 1, 'mdMediaContent', 281, '2012-07-29 21:20:32', '2012-07-29 21:20:32'),
(303, 1, 'mdMediaContent', 282, '2012-07-29 21:20:37', '2012-07-29 21:20:37'),
(304, 1, 'mdMediaContent', 283, '2012-07-29 21:20:43', '2012-07-29 21:20:43'),
(305, 1, 'mdMediaContent', 284, '2012-07-29 21:20:48', '2012-07-29 21:20:48'),
(306, 1, 'mdMediaContent', 285, '2012-07-29 21:20:51', '2012-07-29 21:20:51'),
(307, 1, 'mdMediaContent', 286, '2012-07-29 21:20:57', '2012-07-29 21:20:57'),
(308, 1, 'mdMediaContent', 287, '2012-07-29 21:21:04', '2012-07-29 21:21:04'),
(309, 1, 'mdMediaContent', 288, '2012-07-29 21:21:07', '2012-07-29 21:21:07'),
(310, 1, 'mdMediaContent', 289, '2012-07-29 21:21:14', '2012-07-29 21:21:14'),
(311, 22, 'mdUserProfile', 22, '2012-07-29 23:15:47', '2012-07-29 23:15:47'),
(312, 1, 'mdMediaContent', 290, '2012-07-29 23:30:28', '2012-07-29 23:30:28'),
(313, 1, 'mdMediaContent', 291, '2012-07-29 23:30:34', '2012-07-29 23:30:34'),
(314, 1, 'mdMediaContent', 292, '2012-07-29 23:30:38', '2012-07-29 23:30:38'),
(315, 1, 'mdMediaContent', 293, '2012-07-29 23:30:46', '2012-07-29 23:30:46'),
(316, 1, 'mdMediaContent', 294, '2012-07-29 23:30:49', '2012-07-29 23:30:49'),
(317, 1, 'mdMediaContent', 295, '2012-07-29 23:31:16', '2012-07-29 23:31:16'),
(318, 1, 'mdMediaContent', 296, '2012-07-29 23:31:32', '2012-07-29 23:31:32'),
(319, 1, 'mdMediaContent', 297, '2012-07-29 23:31:38', '2012-07-29 23:31:38'),
(320, 1, 'mdMediaContent', 298, '2012-07-29 23:31:44', '2012-07-29 23:31:44'),
(321, 1, 'mdMediaContent', 299, '2012-07-29 23:31:52', '2012-07-29 23:31:52'),
(322, 1, 'mdMediaContent', 300, '2012-07-29 23:31:56', '2012-07-29 23:31:56'),
(323, 1, 'mdMediaContent', 301, '2012-07-29 23:32:02', '2012-07-29 23:32:02'),
(324, 1, 'mdMediaContent', 302, '2012-07-29 23:35:08', '2012-07-29 23:35:08'),
(325, 1, 'mdMediaContent', 303, '2012-07-29 23:35:21', '2012-07-29 23:35:21'),
(326, 1, 'mdMediaContent', 304, '2012-07-29 23:35:35', '2012-07-29 23:35:35'),
(327, 1, 'mdMediaContent', 305, '2012-07-29 23:35:50', '2012-07-29 23:35:50'),
(328, 1, 'mdMediaContent', 306, '2012-07-29 23:35:59', '2012-07-29 23:35:59'),
(329, 1, 'mdMediaContent', 307, '2012-07-29 23:36:10', '2012-07-29 23:36:10'),
(330, 1, 'mdMediaContent', 308, '2012-07-29 23:36:27', '2012-07-29 23:36:27'),
(331, 1, 'mdMediaContent', 309, '2012-07-29 23:36:39', '2012-07-29 23:36:39'),
(332, 1, 'mdMediaContent', 310, '2012-07-29 23:36:53', '2012-07-29 23:36:53'),
(333, 1, 'mdMediaContent', 311, '2012-07-29 23:37:07', '2012-07-29 23:37:07'),
(334, 1, 'mdMediaContent', 312, '2012-07-29 23:37:17', '2012-07-29 23:37:17'),
(335, 23, 'mdUserProfile', 23, '2012-08-02 11:03:55', '2012-08-02 11:03:55'),
(336, 24, 'mdUserProfile', 24, '2012-08-03 14:30:40', '2012-08-03 14:30:40'),
(337, 1, 'mdMediaContent', 313, '2012-08-03 14:54:24', '2012-08-03 14:54:24'),
(338, 1, 'mdMediaContent', 314, '2012-08-03 14:54:29', '2012-08-03 14:54:29'),
(339, 1, 'mdMediaContent', 315, '2012-08-03 14:54:34', '2012-08-03 14:54:34'),
(340, 1, 'mdMediaContent', 316, '2012-08-03 14:54:41', '2012-08-03 14:54:41'),
(341, 1, 'mdMediaContent', 317, '2012-08-03 14:54:45', '2012-08-03 14:54:45'),
(342, 1, 'mdMediaContent', 318, '2012-08-03 14:54:48', '2012-08-03 14:54:48'),
(343, 1, 'mdMediaContent', 319, '2012-08-03 14:54:51', '2012-08-03 14:54:51'),
(344, 1, 'mdMediaContent', 320, '2012-08-03 14:54:55', '2012-08-03 14:54:55'),
(345, 1, 'mdMediaContent', 321, '2012-08-03 14:54:59', '2012-08-03 14:54:59'),
(346, 1, 'mdMediaContent', 322, '2012-08-03 14:55:03', '2012-08-03 14:55:03'),
(347, 1, 'mdMediaContent', 323, '2012-08-03 14:55:07', '2012-08-03 14:55:07'),
(348, 1, 'mdMediaContent', 324, '2012-08-03 14:55:12', '2012-08-03 14:55:12');

-- --------------------------------------------------------

--
-- Table structure for table `md_content_relation`
--

CREATE TABLE IF NOT EXISTS `md_content_relation` (
  `md_content_id_first` int(11) NOT NULL DEFAULT '0',
  `md_content_id_second` int(11) NOT NULL DEFAULT '0',
  `object_class_name` varchar(128) NOT NULL,
  `profile_name` varchar(128) DEFAULT NULL,
  PRIMARY KEY (`md_content_id_first`,`md_content_id_second`),
  KEY `md_content_relation_md_content_id_second_md_content_id` (`md_content_id_second`)
) ENGINE=InnoDB DEFAULT CHARSET=latin1;

-- --------------------------------------------------------

--
-- Table structure for table `md_currency`
--

CREATE TABLE IF NOT EXISTS `md_currency` (
  `id` int(11) NOT NULL AUTO_INCREMENT,
  `code` varchar(16) DEFAULT NULL,
  `symbol` varchar(100) NOT NULL,
  `created_at` datetime NOT NULL,
  `updated_at` datetime NOT NULL,
  PRIMARY KEY (`id`),
  UNIQUE KEY `code` (`code`)
) ENGINE=InnoDB  DEFAULT CHARSET=latin1 AUTO_INCREMENT=3 ;

--
-- Dumping data for table `md_currency`
--

INSERT INTO `md_currency` (`id`, `code`, `symbol`, `created_at`, `updated_at`) VALUES
(1, 'EUR', '€', '2012-01-19 20:41:32', '2012-01-19 20:41:32'),
(2, 'USD', 'U$S', '2012-01-19 20:41:32', '2012-01-19 20:41:32');

-- --------------------------------------------------------

--
-- Table structure for table `md_currency_convertion`
--

CREATE TABLE IF NOT EXISTS `md_currency_convertion` (
  `currency_from` int(11) NOT NULL DEFAULT '0',
  `currency_to` int(11) NOT NULL DEFAULT '0',
  `ratio` double(18,8) NOT NULL,
  PRIMARY KEY (`currency_from`,`currency_to`),
  KEY `md_currency_convertion_currency_to_md_currency_id` (`currency_to`)
) ENGINE=InnoDB DEFAULT CHARSET=latin1;

--
-- Dumping data for table `md_currency_convertion`
--

INSERT INTO `md_currency_convertion` (`currency_from`, `currency_to`, `ratio`) VALUES
(1, 2, 1.26291080),
(2, 1, 0.79182156);

-- --------------------------------------------------------

--
-- Table structure for table `md_currency_translation`
--

CREATE TABLE IF NOT EXISTS `md_currency_translation` (
  `id` int(11) NOT NULL DEFAULT '0',
  `name` varchar(255) NOT NULL,
  `lang` char(2) NOT NULL DEFAULT '',
  PRIMARY KEY (`id`,`lang`)
) ENGINE=InnoDB DEFAULT CHARSET=latin1;

--
-- Dumping data for table `md_currency_translation`
--

INSERT INTO `md_currency_translation` (`id`, `name`, `lang`) VALUES
(1, 'Euros', 'en'),
(1, 'euros', 'es'),
(2, 'Dolar', 'en'),
(2, 'Dolar', 'es');

-- --------------------------------------------------------

--
-- Table structure for table `md_detalle`
--

CREATE TABLE IF NOT EXISTS `md_detalle` (
  `id` int(11) NOT NULL AUTO_INCREMENT,
  `md_apartamento_id` int(11) NOT NULL DEFAULT '0',
  `tipo_propiedad` enum('apartment','house','bedNbreakfast','cabin','villa','castle','dorm','treehouse','boat','automobile','igloo') DEFAULT NULL,
  `cuartos` int(11) DEFAULT NULL,
  `banios` int(11) DEFAULT NULL,
  `costo_extra` float(18,2) DEFAULT '0.00',
  `minimo_dias` int(11) DEFAULT '1',
  `barrio` varchar(100) DEFAULT NULL,
  `metraje` varchar(100) DEFAULT NULL,
  PRIMARY KEY (`id`,`md_apartamento_id`),
  KEY `md_detalle_md_apartamento_id_md_apartamento_id` (`md_apartamento_id`)
) ENGINE=InnoDB  DEFAULT CHARSET=latin1 AUTO_INCREMENT=18 ;

--
-- Dumping data for table `md_detalle`
--

INSERT INTO `md_detalle` (`id`, `md_apartamento_id`, `tipo_propiedad`, `cuartos`, `banios`, `costo_extra`, `minimo_dias`, `barrio`, `metraje`) VALUES
(2, 2, 'apartment', 2, 2, 0.00, 2, 'La Brava, Parada 5', '110'),
(3, 3, 'apartment', 2, 2, 0.00, 2, 'Punta Ballena', '100'),
(4, 4, 'house', 4, 4, 0.00, 1, '', '200'),
(5, 5, 'house', 3, 2, 0.00, 3, 'El Chorro', '150'),
(6, 6, 'apartment', 3, 2, 0.00, 2, 'Centro', '150'),
(7, 7, 'apartment', 3, 2, 0.00, 1, 'Centro', '160'),
(8, 8, 'apartment', 1, 1, 0.00, 2, 'Peninsula', '90'),
(9, 11, 'house', 1, 1, 0.00, 1, 'El Tesoro', '65'),
(10, 12, 'house', 1, 2, 0.00, 2, 'La Barra', ''),
(12, 13, 'house', 1, 1, 0.00, 2, 'La Serena', '40'),
(13, 14, 'apartment', 2, 2, 0.00, 3, 'Manantiales', '160'),
(14, 15, 'apartment', 1, 1, 0.00, 3, 'Manantiales', '65'),
(15, 16, 'apartment', 2, 2, 0.00, 3, 'Manantiales', '105'),
(16, 17, 'house', 2, 1, 0.00, 3, 'El Tesoro', '180'),
(17, 18, 'apartment', 1, 1, 0.00, 2, 'Mansa', '43');

-- --------------------------------------------------------

--
-- Table structure for table `md_disponibilidad`
--

CREATE TABLE IF NOT EXISTS `md_disponibilidad` (
  `id` int(11) NOT NULL AUTO_INCREMENT,
  `md_apartamento_id` int(11) NOT NULL,
  `fecha_desde` datetime NOT NULL,
  `fecha_hasta` datetime NOT NULL,
  PRIMARY KEY (`id`),
  KEY `md_apartamento_id_idx` (`md_apartamento_id`)
) ENGINE=InnoDB DEFAULT CHARSET=latin1 AUTO_INCREMENT=1 ;

-- --------------------------------------------------------

--
-- Table structure for table `md_generic_payment`
--

CREATE TABLE IF NOT EXISTS `md_generic_payment` (
  `id` int(11) NOT NULL AUTO_INCREMENT,
  `object_class` varchar(128) NOT NULL,
  `object_id` int(11) NOT NULL,
  `created_at` datetime NOT NULL,
  `updated_at` datetime NOT NULL,
  PRIMARY KEY (`id`)
) ENGINE=InnoDB  DEFAULT CHARSET=latin1 AUTO_INCREMENT=5 ;

--
-- Dumping data for table `md_generic_payment`
--

INSERT INTO `md_generic_payment` (`id`, `object_class`, `object_id`, `created_at`, `updated_at`) VALUES
(1, 'mdGenericPaymentPaypal', 1, '2012-03-25 18:38:25', '2012-03-25 18:38:25'),
(2, 'mdGenericPaymentPaypal', 2, '2012-03-26 20:06:32', '2012-03-26 20:06:32'),
(3, 'mdGenericPaymentPaypal', 3, '2012-07-06 13:22:12', '2012-07-06 13:22:12'),
(4, 'mdGenericPaymentPaypal', 4, '2012-08-02 11:04:23', '2012-08-02 11:04:23');

-- --------------------------------------------------------

--
-- Table structure for table `md_generic_payment_abitab`
--

CREATE TABLE IF NOT EXISTS `md_generic_payment_abitab` (
  `id` int(11) NOT NULL AUTO_INCREMENT,
  `note` varchar(128) DEFAULT NULL,
  PRIMARY KEY (`id`)
) ENGINE=InnoDB DEFAULT CHARSET=latin1 AUTO_INCREMENT=1 ;

-- --------------------------------------------------------

--
-- Table structure for table `md_generic_payment_giro_bancario`
--

CREATE TABLE IF NOT EXISTS `md_generic_payment_giro_bancario` (
  `id` int(11) NOT NULL AUTO_INCREMENT,
  `note` varchar(128) DEFAULT NULL,
  PRIMARY KEY (`id`)
) ENGINE=InnoDB DEFAULT CHARSET=latin1 AUTO_INCREMENT=1 ;

-- --------------------------------------------------------

--
-- Table structure for table `md_generic_payment_other`
--

CREATE TABLE IF NOT EXISTS `md_generic_payment_other` (
  `id` int(11) NOT NULL AUTO_INCREMENT,
  `note` varchar(128) NOT NULL,
  `created_at` datetime NOT NULL,
  `updated_at` datetime NOT NULL,
  PRIMARY KEY (`id`)
) ENGINE=InnoDB DEFAULT CHARSET=latin1 AUTO_INCREMENT=1 ;

-- --------------------------------------------------------

--
-- Table structure for table `md_generic_payment_paypal`
--

CREATE TABLE IF NOT EXISTS `md_generic_payment_paypal` (
  `id` int(11) NOT NULL AUTO_INCREMENT,
  `token` varchar(128) DEFAULT NULL,
  `payerid` varchar(128) DEFAULT NULL,
  PRIMARY KEY (`id`)
) ENGINE=InnoDB  DEFAULT CHARSET=latin1 AUTO_INCREMENT=5 ;

--
-- Dumping data for table `md_generic_payment_paypal`
--

INSERT INTO `md_generic_payment_paypal` (`id`, `token`, `payerid`) VALUES
(1, NULL, NULL),
(2, NULL, NULL),
(3, NULL, NULL),
(4, NULL, NULL);

-- --------------------------------------------------------

--
-- Table structure for table `md_generic_payment_western`
--

CREATE TABLE IF NOT EXISTS `md_generic_payment_western` (
  `id` int(11) NOT NULL AUTO_INCREMENT,
  `note` varchar(128) DEFAULT NULL,
  PRIMARY KEY (`id`)
) ENGINE=InnoDB DEFAULT CHARSET=latin1 AUTO_INCREMENT=1 ;

-- --------------------------------------------------------

--
-- Table structure for table `md_generic_sale`
--

CREATE TABLE IF NOT EXISTS `md_generic_sale` (
  `id` int(11) NOT NULL AUTO_INCREMENT,
  `md_user_id` int(11) NOT NULL,
  `price` float(6,2) NOT NULL,
  `status` int(11) NOT NULL DEFAULT '0',
  `md_payment_id` int(11) NOT NULL,
  `created_at` datetime NOT NULL,
  `updated_at` datetime NOT NULL,
  PRIMARY KEY (`id`),
  KEY `md_user_id_idx` (`md_user_id`),
  KEY `md_payment_id_idx` (`md_payment_id`)
) ENGINE=InnoDB  DEFAULT CHARSET=latin1 AUTO_INCREMENT=4 ;

--
-- Dumping data for table `md_generic_sale`
--

INSERT INTO `md_generic_sale` (`id`, `md_user_id`, `price`, `status`, `md_payment_id`, `created_at`, `updated_at`) VALUES
(1, 7, 900.00, 0, 1, '2012-03-25 18:38:25', '2012-03-25 18:38:25'),
(2, 9, 4000.00, 0, 2, '2012-03-26 20:06:32', '2012-03-26 20:06:32'),
(3, 23, 88.00, 0, 4, '2012-08-02 11:04:23', '2012-08-02 11:04:23');

-- --------------------------------------------------------

--
-- Table structure for table `md_generic_sale_item`
--

CREATE TABLE IF NOT EXISTS `md_generic_sale_item` (
  `id` int(11) NOT NULL AUTO_INCREMENT,
  `object_id` int(11) NOT NULL,
  `object_class` varchar(128) NOT NULL,
  `md_generic_sale_id` int(11) NOT NULL,
  PRIMARY KEY (`id`),
  KEY `md_generic_sale_id_idx` (`md_generic_sale_id`)
) ENGINE=InnoDB  DEFAULT CHARSET=latin1 AUTO_INCREMENT=4 ;

--
-- Dumping data for table `md_generic_sale_item`
--

INSERT INTO `md_generic_sale_item` (`id`, `object_id`, `object_class`, `md_generic_sale_id`) VALUES
(1, 1, 'mdReserva', 1),
(2, 2, 'mdReserva', 2),
(3, 3, 'mdReserva', 3);

-- --------------------------------------------------------

--
-- Table structure for table `md_google_map`
--

CREATE TABLE IF NOT EXISTS `md_google_map` (
  `id` int(11) NOT NULL AUTO_INCREMENT,
  `object_class_name` varchar(128) NOT NULL,
  `object_id` int(11) NOT NULL,
  `latitude` decimal(18,4) NOT NULL DEFAULT '0.0000',
  `longitude` decimal(18,4) NOT NULL DEFAULT '0.0000',
  PRIMARY KEY (`id`),
  UNIQUE KEY `object_identifier_index_idx` (`object_class_name`,`object_id`)
) ENGINE=InnoDB  DEFAULT CHARSET=latin1 AUTO_INCREMENT=17 ;

--
-- Dumping data for table `md_google_map`
--

INSERT INTO `md_google_map` (`id`, `object_class_name`, `object_id`, `latitude`, `longitude`) VALUES
(1, 'mdApartamento', 2, '-34.9419', '-54.9311'),
(2, 'mdApartamento', 5, '-34.9017', '-54.8124'),
(3, 'mdApartamento', 3, '-34.9075', '-55.0448'),
(4, 'mdApartamento', 6, '-34.9562', '-54.9373'),
(5, 'mdApartamento', 7, '-34.9556', '-54.9371'),
(6, 'mdApartamento', 8, '-34.9724', '-54.9520'),
(7, 'mdApartamento', 11, '-34.9055', '-54.8703'),
(8, 'mdApartamento', 12, '-34.9022', '-54.8654'),
(9, 'mdApartamento', 10, '-34.6571', '-54.1918'),
(10, 'mdApartamento', 13, '-34.6563', '-54.1948'),
(11, 'mdApartamento', 4, '-34.0531', '-53.5498'),
(12, 'mdApartamento', 14, '-34.9073', '-54.8273'),
(13, 'mdApartamento', 15, '-34.9073', '-54.8222'),
(14, 'mdApartamento', 16, '-34.9074', '-54.8225'),
(15, 'mdApartamento', 17, '-34.9020', '-54.8713'),
(16, 'mdApartamento', 18, '-34.9440', '-54.9295');

-- --------------------------------------------------------

--
-- Table structure for table `md_locacion`
--

CREATE TABLE IF NOT EXISTS `md_locacion` (
  `id` int(11) NOT NULL AUTO_INCREMENT,
  `country` varchar(2) NOT NULL,
  PRIMARY KEY (`id`)
) ENGINE=InnoDB  DEFAULT CHARSET=latin1 AUTO_INCREMENT=4 ;

--
-- Dumping data for table `md_locacion`
--

INSERT INTO `md_locacion` (`id`, `country`) VALUES
(1, 'UY'),
(2, 'UY'),
(3, 'UY');

-- --------------------------------------------------------

--
-- Table structure for table `md_locacion_temporada`
--

CREATE TABLE IF NOT EXISTS `md_locacion_temporada` (
  `id` int(11) NOT NULL AUTO_INCREMENT,
  `md_locacion_id` int(11) NOT NULL,
  `date_from` date NOT NULL,
  `date_to` date NOT NULL,
  `tipo` enum('A','M') NOT NULL DEFAULT 'A',
  PRIMARY KEY (`id`),
  KEY `md_locacion_id_idx` (`md_locacion_id`)
) ENGINE=InnoDB  DEFAULT CHARSET=latin1 AUTO_INCREMENT=6 ;

--
-- Dumping data for table `md_locacion_temporada`
--

INSERT INTO `md_locacion_temporada` (`id`, `md_locacion_id`, `date_from`, `date_to`, `tipo`) VALUES
(1, 1, '2012-12-28', '2013-02-28', 'A'),
(2, 1, '2013-04-01', '2013-04-08', 'A'),
(3, 2, '2012-12-28', '2013-02-28', 'A'),
(4, 2, '2013-04-01', '2013-04-08', 'A');

-- --------------------------------------------------------

--
-- Table structure for table `md_locacion_translation`
--

CREATE TABLE IF NOT EXISTS `md_locacion_translation` (
  `id` int(11) NOT NULL DEFAULT '0',
  `nombre` varchar(100) NOT NULL,
  `descripcion` text NOT NULL,
  `lang` char(2) NOT NULL DEFAULT '',
  PRIMARY KEY (`id`,`lang`)
) ENGINE=InnoDB DEFAULT CHARSET=latin1;

--
-- Dumping data for table `md_locacion_translation`
--

INSERT INTO `md_locacion_translation` (`id`, `nombre`, `descripcion`, `lang`) VALUES
(1, 'Punta del Este', 'Destino selecto y versátil. La ciudad de Punta del Este, entre otras cosas, es reconocida mundialmente como el más importante y exclusivo balneario de América del Sur. Durante todo el año atrae con su estilo y belleza natural a turistas de todas partes del mundo. \r\nBalneario de verano por excelencia, natural y sofisticado, las playas de Punta del Este se reparten entre la tranquila playa mansa, la fuerza de la playa brava elegida por los surfistas, el encanto de Solanas donde se encuentran los mejores atardeceres y la pintoresca Barra. La Península es una invitación al placer y al regocijo. El puerto con mas de 400 amarras es sede de regatas internacionales, desde allí se pueden realizar paseos a la isla Gorriti y a la isla de Lobos, donde se puede practicar buceo con lobos marinos.\r\nLugares de ocio. A la clásica avenida Gorlero se le suma la Calle 20, repleta de tiendas de marcas internacionales con las últimas tendencias de las capitales de la moda. La propuesta gourmet propone delicias autóctonas y una amplia variedad de sabores de la cocina mundial. La vida nocturna se reparte en discotecas, bares y exclusivas fiestas privadas. Además cuenta con un gran centro de compras, El Punta Shopping que ofrece una gran variedad de productos de calidad. Para los amantes del juego, Punta del Este cuenta con una gran variedad de casinos, destacando se por encima de todos ellos el Conrad Punta del Este Resort & Casino.\r\nCiudad del arte. Comenzando por Casa Pueblo, la mítica escultura-casa del uruguayo Carlos Páez Vilaró, donde usted podrá  visitar su atellier recorriendo su obra de mas de 50 años de trayectoria, también podrá disfrutar en su taberna los mejores atardeceres de la zona. La ruta del arte se esparce en varios puntos de la ciudad, haciendo hincapié en La Barra donde se pueden ver los atelliers y galerías de numerosos artistas.', 'es'),
(2, 'Punta Del Diablo', 'Uruguay ofrece al turismo paradisiacos lugares que jamás olvidaran y en Punta del Diablo, un pintoresco pueblo de pescadores donde los visitantes podrán contactar con la naturaleza y encontrar en ella un verdadero alimento para el alma y el espíritu.\r\nEsta ciudad uruguaya  se está convirtiendo en un destino para todos los gustos turísticos, ya que ofrece una amplia gama de posibilidades para disfrutar, desde el atractivo familiar por su tranquilidad, hasta la aventura que este lugar fuera de lo común ofrece al turismo internacional.\r\nSi bien Punta del Diablo en verano ofrece clubes nocturnos y distracciones citadinas, los visitantes podrán relajarse y descansar en un ambiente pacífico, así como acceder a distintas atracciones históricas como el Fuerte de San Miguel y naturales como el Parque Nacional Santa Teresa.\r\nLa ciudad concentra la mayor afluencia turística entre los meses de diciembre y Febrero, fechas en las que arriban miles de turistas, que si bien no cuentan con hoteles de lujo o restaurantes de alto nivel, el encanto natural y ambiente casual los enamora.\r\nEl alojamiento en Punta del Diablo  se resume a un centro de acogida, el alquiler de cabañas o un apartamento pequeño, todos a un moderado costo económico que se traduce en otro atractivo para el visitante, que cuenta con panadería y supermercado en el centro de la ciudad, para el autoabastecimiento. Así como también si gustan de la pesca pueden conseguir su propia comida gratis o recurrir a los pescadores locales también venden su pescado y marisco frescos.\r\nEntre las actividades deportivas en Punta del Diablo Uruguay se puede optar por el Surf, la pesca, la natación y la exploración del entorno costero caminando o a caballo, que en sí es una hermosa aventura en este maravilloso lugar.', 'es'),
(3, 'La Paloma', 'La Paloma tiene playas para todos los gustos, desde las de aguas serenas como las de la bahía chica, hasta las de gran oleaje como La Balconada, La Aguada o La Pedrera. Las ensenadas, las puntas rocosas, las grandes extensiones de arenas blancas y finas, los altos médanos, las aguas llanas o profundas y un sinfín de diversidad natural hacen que cada quien encuentre en La Paloma su sitio de preferencia.\r\n\r\nLa pescadería artesanal se concentra en la playa Los Botes, allí los pescadores se encomiendan al Cristo de Lucho, que es una escultura realizada por el pescador Lucho Maurente.\r\n\r\nHistoria \r\nSu costa tiene una historia cargada de naufragios. La construcción del faro en el Cabo Santa María se originó a partir de la tragedia ocurrida a la embarcación Lise Amelia. Fue inaugurado el 1 de setiembre de 1874, esta fecha es reconocida como la fecha oficial de creación de La Paloma.\r\n\r\nHacia 1910 surgió el Puerto de La Paloma, que es uno de los principales puertos del país y el mejor que existe entre Punta del Este y Florianópolis.Situado sobre la costa atlántica del Departamento de Rocha, República Oriental del Uruguay, encontramos este pequeño y maravilloso balneario.\r\nCon interesantes propuestas para el turista, la calidad de sus playas oceánicas distinguen a este paraíso natural.', 'es');

-- --------------------------------------------------------

--
-- Table structure for table `md_media`
--

CREATE TABLE IF NOT EXISTS `md_media` (
  `id` int(11) NOT NULL AUTO_INCREMENT,
  `object_class_name` varchar(128) NOT NULL,
  `object_id` int(11) NOT NULL,
  PRIMARY KEY (`id`),
  UNIQUE KEY `md_media_index_idx` (`object_class_name`,`object_id`)
) ENGINE=InnoDB  DEFAULT CHARSET=latin1 AUTO_INCREMENT=41 ;

--
-- Dumping data for table `md_media`
--

INSERT INTO `md_media` (`id`, `object_class_name`, `object_id`) VALUES
(4, 'mdApartamento', 1),
(3, 'mdApartamento', 2),
(5, 'mdApartamento', 3),
(7, 'mdApartamento', 4),
(8, 'mdApartamento', 5),
(9, 'mdApartamento', 6),
(10, 'mdApartamento', 7),
(11, 'mdApartamento', 8),
(12, 'mdApartamento', 9),
(13, 'mdApartamento', 10),
(14, 'mdApartamento', 11),
(15, 'mdApartamento', 12),
(29, 'mdApartamento', 13),
(31, 'mdApartamento', 14),
(34, 'mdApartamento', 15),
(35, 'mdApartamento', 16),
(37, 'mdApartamento', 17),
(40, 'mdApartamento', 18),
(1, 'mdLocacion', 1),
(6, 'mdLocacion', 2),
(16, 'mdLocacion', 3),
(17, 'mdUserProfile', 1),
(18, 'mdUserProfile', 4),
(19, 'mdUserProfile', 7),
(20, 'mdUserProfile', 8),
(21, 'mdUserProfile', 9),
(22, 'mdUserProfile', 10),
(23, 'mdUserProfile', 11),
(25, 'mdUserProfile', 15),
(26, 'mdUserProfile', 16),
(27, 'mdUserProfile', 17),
(28, 'mdUserProfile', 18),
(30, 'mdUserProfile', 19),
(32, 'mdUserProfile', 20),
(33, 'mdUserProfile', 21),
(36, 'mdUserProfile', 22),
(38, 'mdUserProfile', 23),
(39, 'mdUserProfile', 24);

-- --------------------------------------------------------

--
-- Table structure for table `md_media_album`
--

CREATE TABLE IF NOT EXISTS `md_media_album` (
  `id` int(11) NOT NULL AUTO_INCREMENT,
  `md_media_id` int(11) DEFAULT NULL,
  `title` varchar(64) NOT NULL,
  `description` varchar(255) DEFAULT NULL,
  `type` enum('Image','Video','File','Mixed') DEFAULT 'Mixed',
  `deleteallowed` tinyint(1) NOT NULL,
  `md_media_content_id` int(11) DEFAULT NULL,
  `counter_content` bigint(20) DEFAULT '0',
  PRIMARY KEY (`id`),
  UNIQUE KEY `md_media_album_title_index_idx` (`md_media_id`,`title`),
  KEY `md_media_content_id_idx` (`md_media_content_id`),
  KEY `md_media_id_idx` (`md_media_id`)
) ENGINE=InnoDB  DEFAULT CHARSET=latin1 AUTO_INCREMENT=25 ;

--
-- Dumping data for table `md_media_album`
--

INSERT INTO `md_media_album` (`id`, `md_media_id`, `title`, `description`, `type`, `deleteallowed`, `md_media_content_id`, `counter_content`) VALUES
(1, 1, 'promos', 'Album para los promocionales', 'Mixed', 0, 193, 5),
(2, 1, 'default', '', 'Mixed', 0, 71, 12),
(4, 3, 'default', '', 'Mixed', 0, 178, 17),
(5, 5, 'default', '', 'Mixed', 0, 35, 7),
(6, 6, 'promos', 'Album para los promocionales', 'Mixed', 0, NULL, 0),
(7, 6, 'default', '', 'Mixed', 0, 49, 7),
(8, 7, 'default', '', 'Mixed', 0, 240, 15),
(9, 8, 'default', '', 'Mixed', 0, 86, 15),
(10, 9, 'default', '', 'Mixed', 0, 151, 11),
(11, 10, 'default', '', 'Mixed', 0, 125, 12),
(12, 11, 'default', '', 'Mixed', 0, 137, 12),
(13, 12, 'default', '', 'Mixed', 0, NULL, 0),
(14, 13, 'default', '', 'Mixed', 0, 224, 13),
(15, 14, 'default', '', 'Mixed', 0, 205, 7),
(16, 15, 'default', '', 'Mixed', 0, 211, 7),
(17, 16, 'promos', 'Album para los promocionales', 'Mixed', 0, NULL, 0),
(18, 16, 'default', '', 'Mixed', 0, 258, 1),
(19, 29, 'default', '', 'Mixed', 0, 236, 13),
(20, 31, 'default', '', 'Mixed', 0, 270, 12),
(21, 34, 'default', '', 'Mixed', 0, 275, 4),
(22, 35, 'default', '', 'Mixed', 0, 284, 12),
(23, 37, 'default', '', 'Mixed', 0, 311, 8),
(24, 40, 'default', '', 'Mixed', 0, 313, 12);

-- --------------------------------------------------------

--
-- Table structure for table `md_media_album_content`
--

CREATE TABLE IF NOT EXISTS `md_media_album_content` (
  `md_media_album_id` int(11) NOT NULL DEFAULT '0',
  `md_media_content_id` int(11) NOT NULL DEFAULT '0',
  `object_class_name` varchar(128) NOT NULL,
  `priority` bigint(20) NOT NULL,
  PRIMARY KEY (`md_media_album_id`,`md_media_content_id`),
  KEY `md_media_album_content_index_idx` (`priority`),
  KEY `md_media_album_content_md_media_content_id_md_media_content_id` (`md_media_content_id`)
) ENGINE=InnoDB DEFAULT CHARSET=latin1;

--
-- Dumping data for table `md_media_album_content`
--

INSERT INTO `md_media_album_content` (`md_media_album_id`, `md_media_content_id`, `object_class_name`, `priority`) VALUES
(1, 193, 'mdMediaImage', 0),
(1, 195, 'mdMediaImage', 0),
(1, 196, 'mdMediaImage', 0),
(1, 197, 'mdMediaImage', 0),
(1, 198, 'mdMediaImage', 0),
(2, 44, 'mdMediaImage', 13),
(2, 70, 'mdMediaImage', 12),
(2, 71, 'mdMediaImage', 11),
(2, 72, 'mdMediaImage', 9),
(2, 73, 'mdMediaImage', 8),
(2, 78, 'mdMediaImage', 6),
(2, 79, 'mdMediaImage', 5),
(2, 80, 'mdMediaImage', 10),
(2, 81, 'mdMediaImage', 7),
(2, 82, 'mdMediaImage', 4),
(2, 83, 'mdMediaImage', 1),
(2, 84, 'mdMediaImage', 2),
(4, 163, 'mdMediaImage', 15),
(4, 164, 'mdMediaImage', 16),
(4, 165, 'mdMediaImage', 17),
(4, 166, 'mdMediaImage', 5),
(4, 167, 'mdMediaImage', 1),
(4, 168, 'mdMediaImage', 10),
(4, 170, 'mdMediaImage', 11),
(4, 171, 'mdMediaImage', 12),
(4, 172, 'mdMediaImage', 13),
(4, 174, 'mdMediaImage', 14),
(4, 175, 'mdMediaImage', 9),
(4, 176, 'mdMediaImage', 8),
(4, 178, 'mdMediaImage', 3),
(4, 180, 'mdMediaImage', 4),
(4, 183, 'mdMediaImage', 2),
(4, 186, 'mdMediaImage', 6),
(4, 187, 'mdMediaImage', 7),
(5, 32, 'mdMediaImage', 7),
(5, 33, 'mdMediaImage', 5),
(5, 34, 'mdMediaImage', 6),
(5, 35, 'mdMediaImage', 1),
(5, 36, 'mdMediaImage', 4),
(5, 37, 'mdMediaImage', 3),
(5, 38, 'mdMediaImage', 2),
(7, 48, 'mdMediaImage', 3),
(7, 49, 'mdMediaImage', 1),
(7, 52, 'mdMediaImage', 2),
(7, 53, 'mdMediaImage', 4),
(7, 54, 'mdMediaImage', 5),
(7, 89, 'mdMediaImage', 0),
(7, 106, 'mdMediaImage', 0),
(8, 240, 'mdMediaImage', 14),
(8, 241, 'mdMediaImage', 3),
(8, 242, 'mdMediaImage', 2),
(8, 243, 'mdMediaImage', 1),
(8, 244, 'mdMediaImage', 15),
(8, 245, 'mdMediaImage', 13),
(8, 246, 'mdMediaImage', 12),
(8, 247, 'mdMediaImage', 11),
(8, 248, 'mdMediaImage', 10),
(8, 249, 'mdMediaImage', 9),
(8, 250, 'mdMediaImage', 8),
(8, 251, 'mdMediaImage', 7),
(8, 252, 'mdMediaImage', 6),
(8, 253, 'mdMediaImage', 5),
(8, 254, 'mdMediaImage', 4),
(9, 85, 'mdMediaImage', 14),
(9, 86, 'mdMediaImage', 1),
(9, 87, 'mdMediaImage', 7),
(9, 88, 'mdMediaImage', 4),
(9, 90, 'mdMediaImage', 3),
(9, 91, 'mdMediaImage', 10),
(9, 92, 'mdMediaImage', 13),
(9, 93, 'mdMediaImage', 12),
(9, 94, 'mdMediaImage', 11),
(9, 95, 'mdMediaImage', 5),
(9, 96, 'mdMediaImage', 8),
(9, 97, 'mdMediaImage', 6),
(9, 98, 'mdMediaImage', 2),
(9, 100, 'mdMediaImage', 0),
(9, 101, 'mdMediaImage', 0),
(10, 151, 'mdMediaImage', 0),
(10, 152, 'mdMediaImage', 0),
(10, 153, 'mdMediaImage', 0),
(10, 154, 'mdMediaImage', 0),
(10, 155, 'mdMediaImage', 0),
(10, 156, 'mdMediaImage', 0),
(10, 157, 'mdMediaImage', 0),
(10, 158, 'mdMediaImage', 0),
(10, 159, 'mdMediaImage', 0),
(10, 160, 'mdMediaImage', 0),
(10, 161, 'mdMediaImage', 0),
(11, 125, 'mdMediaImage', 0),
(11, 126, 'mdMediaImage', 0),
(11, 127, 'mdMediaImage', 0),
(11, 128, 'mdMediaImage', 0),
(11, 129, 'mdMediaImage', 0),
(11, 130, 'mdMediaImage', 0),
(11, 131, 'mdMediaImage', 0),
(11, 132, 'mdMediaImage', 0),
(11, 133, 'mdMediaImage', 0),
(11, 134, 'mdMediaImage', 0),
(11, 135, 'mdMediaImage', 0),
(11, 136, 'mdMediaImage', 0),
(12, 137, 'mdMediaImage', 1),
(12, 138, 'mdMediaImage', 4),
(12, 139, 'mdMediaImage', 13),
(12, 140, 'mdMediaImage', 3),
(12, 141, 'mdMediaImage', 2),
(12, 143, 'mdMediaImage', 10),
(12, 144, 'mdMediaImage', 5),
(12, 145, 'mdMediaImage', 6),
(12, 146, 'mdMediaImage', 8),
(12, 147, 'mdMediaImage', 9),
(12, 148, 'mdMediaImage', 7),
(12, 150, 'mdMediaImage', 14),
(14, 213, 'mdMediaImage', 2),
(14, 214, 'mdMediaImage', 13),
(14, 216, 'mdMediaImage', 12),
(14, 217, 'mdMediaImage', 11),
(14, 218, 'mdMediaImage', 10),
(14, 219, 'mdMediaImage', 9),
(14, 220, 'mdMediaImage', 8),
(14, 221, 'mdMediaImage', 7),
(14, 222, 'mdMediaImage', 6),
(14, 224, 'mdMediaImage', 1),
(14, 225, 'mdMediaImage', 5),
(14, 226, 'mdMediaImage', 4),
(14, 227, 'mdMediaImage', 14),
(15, 199, 'mdMediaImage', 3),
(15, 200, 'mdMediaImage', 4),
(15, 201, 'mdMediaImage', 5),
(15, 202, 'mdMediaImage', 6),
(15, 203, 'mdMediaImage', 7),
(15, 204, 'mdMediaImage', 2),
(15, 205, 'mdMediaImage', 1),
(16, 206, 'mdMediaImage', 2),
(16, 207, 'mdMediaImage', 3),
(16, 208, 'mdMediaImage', 4),
(16, 209, 'mdMediaImage', 5),
(16, 210, 'mdMediaImage', 6),
(16, 211, 'mdMediaImage', 1),
(16, 212, 'mdMediaImage', 7),
(18, 258, 'mdMediaImage', 0),
(19, 229, 'mdMediaImage', 12),
(19, 230, 'mdMediaImage', 11),
(19, 231, 'mdMediaImage', 10),
(19, 232, 'mdMediaImage', 4),
(19, 233, 'mdMediaImage', 3),
(19, 234, 'mdMediaImage', 9),
(19, 235, 'mdMediaImage', 8),
(19, 236, 'mdMediaImage', 5),
(19, 237, 'mdMediaImage', 7),
(19, 238, 'mdMediaImage', 6),
(19, 239, 'mdMediaImage', 13),
(19, 256, 'mdMediaImage', 2),
(19, 257, 'mdMediaImage', 1),
(20, 259, 'mdMediaImage', 2),
(20, 260, 'mdMediaImage', 12),
(20, 261, 'mdMediaImage', 11),
(20, 262, 'mdMediaImage', 10),
(20, 263, 'mdMediaImage', 9),
(20, 264, 'mdMediaImage', 8),
(20, 265, 'mdMediaImage', 7),
(20, 266, 'mdMediaImage', 6),
(20, 267, 'mdMediaImage', 5),
(20, 268, 'mdMediaImage', 4),
(20, 269, 'mdMediaImage', 3),
(20, 270, 'mdMediaImage', 1),
(21, 271, 'mdMediaImage', 0),
(21, 272, 'mdMediaImage', 0),
(21, 273, 'mdMediaImage', 0),
(21, 275, 'mdMediaImage', 0),
(22, 276, 'mdMediaImage', 0),
(22, 278, 'mdMediaImage', 0),
(22, 279, 'mdMediaImage', 0),
(22, 280, 'mdMediaImage', 0),
(22, 281, 'mdMediaImage', 0),
(22, 283, 'mdMediaImage', 0),
(22, 284, 'mdMediaImage', 0),
(22, 285, 'mdMediaImage', 0),
(22, 286, 'mdMediaImage', 0),
(22, 287, 'mdMediaImage', 0),
(22, 288, 'mdMediaImage', 0),
(22, 289, 'mdMediaImage', 0),
(23, 304, 'mdMediaImage', 0),
(23, 306, 'mdMediaImage', 0),
(23, 307, 'mdMediaImage', 0),
(23, 308, 'mdMediaImage', 0),
(23, 309, 'mdMediaImage', 0),
(23, 310, 'mdMediaImage', 0),
(23, 311, 'mdMediaImage', 0),
(23, 312, 'mdMediaImage', 0),
(24, 313, 'mdMediaImage', 0),
(24, 314, 'mdMediaImage', 0),
(24, 315, 'mdMediaImage', 0),
(24, 316, 'mdMediaImage', 0),
(24, 317, 'mdMediaImage', 0),
(24, 318, 'mdMediaImage', 0),
(24, 319, 'mdMediaImage', 0),
(24, 320, 'mdMediaImage', 0),
(24, 321, 'mdMediaImage', 0),
(24, 322, 'mdMediaImage', 0),
(24, 323, 'mdMediaImage', 0),
(24, 324, 'mdMediaImage', 0);

-- --------------------------------------------------------

--
-- Table structure for table `md_media_content`
--

CREATE TABLE IF NOT EXISTS `md_media_content` (
  `id` int(11) NOT NULL AUTO_INCREMENT,
  `object_class_name` varchar(128) NOT NULL,
  `object_id` int(11) NOT NULL,
  `created_at` datetime NOT NULL,
  `updated_at` datetime NOT NULL,
  PRIMARY KEY (`id`),
  UNIQUE KEY `md_media_content_index_idx` (`object_class_name`,`object_id`)
) ENGINE=InnoDB  DEFAULT CHARSET=latin1 AUTO_INCREMENT=325 ;

--
-- Dumping data for table `md_media_content`
--

INSERT INTO `md_media_content` (`id`, `object_class_name`, `object_id`, `created_at`, `updated_at`) VALUES
(32, 'mdMediaImage', 32, '2012-02-09 18:37:24', '2012-02-09 18:37:24'),
(33, 'mdMediaImage', 33, '2012-02-09 18:37:35', '2012-02-09 18:37:35'),
(34, 'mdMediaImage', 34, '2012-02-09 18:37:48', '2012-02-09 18:37:48'),
(35, 'mdMediaImage', 35, '2012-02-09 18:37:59', '2012-02-09 18:37:59'),
(36, 'mdMediaImage', 36, '2012-02-09 18:38:09', '2012-02-09 18:38:09'),
(37, 'mdMediaImage', 37, '2012-02-09 18:38:19', '2012-02-09 18:38:19'),
(38, 'mdMediaImage', 38, '2012-02-09 18:38:30', '2012-02-09 18:38:30'),
(44, 'mdMediaImage', 44, '2012-02-29 19:23:11', '2012-02-29 19:23:11'),
(48, 'mdMediaImage', 48, '2012-03-01 15:59:30', '2012-03-01 15:59:30'),
(49, 'mdMediaImage', 49, '2012-03-01 15:59:46', '2012-03-01 15:59:46'),
(52, 'mdMediaImage', 52, '2012-03-01 16:10:35', '2012-03-01 16:10:35'),
(53, 'mdMediaImage', 53, '2012-03-01 16:10:40', '2012-03-01 16:10:40'),
(54, 'mdMediaImage', 54, '2012-03-01 16:10:45', '2012-03-01 16:10:45'),
(70, 'mdMediaImage', 70, '2012-03-01 17:10:04', '2012-03-01 17:10:04'),
(71, 'mdMediaImage', 71, '2012-03-01 17:10:09', '2012-03-01 17:10:09'),
(72, 'mdMediaImage', 72, '2012-03-01 17:10:14', '2012-03-01 17:10:14'),
(73, 'mdMediaImage', 73, '2012-03-01 17:10:19', '2012-03-01 17:10:19'),
(78, 'mdMediaImage', 78, '2012-03-01 17:20:23', '2012-03-01 17:20:23'),
(79, 'mdMediaImage', 79, '2012-03-01 17:20:28', '2012-03-01 17:20:28'),
(80, 'mdMediaImage', 80, '2012-03-01 17:20:32', '2012-03-01 17:20:32'),
(81, 'mdMediaImage', 81, '2012-03-01 17:20:39', '2012-03-01 17:20:39'),
(82, 'mdMediaImage', 82, '2012-03-01 17:20:45', '2012-03-01 17:20:45'),
(83, 'mdMediaImage', 83, '2012-03-01 17:20:52', '2012-03-01 17:20:52'),
(84, 'mdMediaImage', 84, '2012-03-01 17:20:58', '2012-03-01 17:20:58'),
(85, 'mdMediaImage', 85, '2012-03-01 18:24:35', '2012-03-01 18:24:35'),
(86, 'mdMediaImage', 86, '2012-03-01 18:24:37', '2012-03-01 18:24:37'),
(87, 'mdMediaImage', 87, '2012-03-01 18:24:40', '2012-03-01 18:24:40'),
(88, 'mdMediaImage', 88, '2012-03-01 18:24:42', '2012-03-01 18:24:42'),
(89, 'mdMediaImage', 89, '2012-03-02 10:32:05', '2012-03-02 10:32:05'),
(90, 'mdMediaImage', 90, '2012-03-02 20:17:15', '2012-03-02 20:17:15'),
(91, 'mdMediaImage', 91, '2012-03-02 20:17:17', '2012-03-02 20:17:17'),
(92, 'mdMediaImage', 92, '2012-03-02 20:17:19', '2012-03-02 20:17:19'),
(93, 'mdMediaImage', 93, '2012-03-02 20:17:21', '2012-03-02 20:17:21'),
(94, 'mdMediaImage', 94, '2012-03-02 20:17:23', '2012-03-02 20:17:23'),
(95, 'mdMediaImage', 95, '2012-03-02 20:17:25', '2012-03-02 20:17:25'),
(96, 'mdMediaImage', 96, '2012-03-02 20:17:28', '2012-03-02 20:17:28'),
(97, 'mdMediaImage', 97, '2012-03-02 20:17:30', '2012-03-02 20:17:30'),
(98, 'mdMediaImage', 98, '2012-03-02 20:20:49', '2012-03-02 20:20:49'),
(100, 'mdMediaImage', 100, '2012-03-02 20:28:00', '2012-03-02 20:28:00'),
(101, 'mdMediaImage', 101, '2012-03-02 20:28:02', '2012-03-02 20:28:02'),
(106, 'mdMediaImage', 106, '2012-03-09 21:39:50', '2012-03-09 21:39:50'),
(125, 'mdMediaImage', 125, '2012-03-25 13:55:44', '2012-03-25 13:55:44'),
(126, 'mdMediaImage', 126, '2012-03-25 13:56:40', '2012-03-25 13:56:40'),
(127, 'mdMediaImage', 127, '2012-03-25 13:57:22', '2012-03-25 13:57:22'),
(128, 'mdMediaImage', 128, '2012-03-25 13:58:04', '2012-03-25 13:58:04'),
(129, 'mdMediaImage', 129, '2012-03-25 13:58:42', '2012-03-25 13:58:42'),
(130, 'mdMediaImage', 130, '2012-03-25 13:59:38', '2012-03-25 13:59:38'),
(131, 'mdMediaImage', 131, '2012-03-25 14:00:18', '2012-03-25 14:00:18'),
(132, 'mdMediaImage', 132, '2012-03-25 14:01:01', '2012-03-25 14:01:01'),
(133, 'mdMediaImage', 133, '2012-03-25 14:01:51', '2012-03-25 14:01:51'),
(134, 'mdMediaImage', 134, '2012-03-25 14:02:40', '2012-03-25 14:02:40'),
(135, 'mdMediaImage', 135, '2012-03-25 14:03:44', '2012-03-25 14:03:44'),
(136, 'mdMediaImage', 136, '2012-03-25 16:40:11', '2012-03-25 16:40:11'),
(137, 'mdMediaImage', 137, '2012-03-25 17:22:42', '2012-03-25 17:22:42'),
(138, 'mdMediaImage', 138, '2012-03-25 17:23:40', '2012-03-25 17:23:40'),
(139, 'mdMediaImage', 139, '2012-03-25 17:24:29', '2012-03-25 17:24:29'),
(140, 'mdMediaImage', 140, '2012-03-25 17:25:38', '2012-03-25 17:25:38'),
(141, 'mdMediaImage', 141, '2012-03-25 17:26:41', '2012-03-25 17:26:41'),
(143, 'mdMediaImage', 143, '2012-03-25 17:28:07', '2012-03-25 17:28:07'),
(144, 'mdMediaImage', 144, '2012-03-25 17:28:55', '2012-03-25 17:28:55'),
(145, 'mdMediaImage', 145, '2012-03-25 17:29:43', '2012-03-25 17:29:43'),
(146, 'mdMediaImage', 146, '2012-03-25 17:30:27', '2012-03-25 17:30:27'),
(147, 'mdMediaImage', 147, '2012-03-25 17:31:08', '2012-03-25 17:31:08'),
(148, 'mdMediaImage', 148, '2012-03-25 17:31:59', '2012-03-25 17:31:59'),
(150, 'mdMediaImage', 150, '2012-03-25 17:33:38', '2012-03-25 17:33:38'),
(151, 'mdMediaImage', 151, '2012-03-25 17:58:28', '2012-03-25 17:58:28'),
(152, 'mdMediaImage', 152, '2012-03-25 17:59:21', '2012-03-25 17:59:21'),
(153, 'mdMediaImage', 153, '2012-03-25 18:00:11', '2012-03-25 18:00:11'),
(154, 'mdMediaImage', 154, '2012-03-25 18:00:51', '2012-03-25 18:00:51'),
(155, 'mdMediaImage', 155, '2012-03-25 18:01:31', '2012-03-25 18:01:31'),
(156, 'mdMediaImage', 156, '2012-03-25 18:02:07', '2012-03-25 18:02:07'),
(157, 'mdMediaImage', 157, '2012-03-25 18:02:46', '2012-03-25 18:02:46'),
(158, 'mdMediaImage', 158, '2012-03-25 18:03:35', '2012-03-25 18:03:35'),
(159, 'mdMediaImage', 159, '2012-03-25 18:04:33', '2012-03-25 18:04:33'),
(160, 'mdMediaImage', 160, '2012-03-25 18:05:21', '2012-03-25 18:05:21'),
(161, 'mdMediaImage', 161, '2012-03-25 18:06:09', '2012-03-25 18:06:09'),
(163, 'mdMediaImage', 163, '2012-04-10 18:37:58', '2012-04-10 18:37:58'),
(164, 'mdMediaImage', 164, '2012-04-10 18:38:07', '2012-04-10 18:38:07'),
(165, 'mdMediaImage', 165, '2012-04-10 18:38:24', '2012-04-10 18:38:24'),
(166, 'mdMediaImage', 166, '2012-04-10 18:38:42', '2012-04-10 18:38:42'),
(167, 'mdMediaImage', 167, '2012-04-10 18:38:59', '2012-04-10 18:38:59'),
(168, 'mdMediaImage', 168, '2012-04-10 18:39:11', '2012-04-10 18:39:11'),
(170, 'mdMediaImage', 170, '2012-04-10 18:39:40', '2012-04-10 18:39:40'),
(171, 'mdMediaImage', 171, '2012-04-10 18:39:51', '2012-04-10 18:39:51'),
(172, 'mdMediaImage', 172, '2012-04-10 18:40:09', '2012-04-10 18:40:09'),
(174, 'mdMediaImage', 174, '2012-04-10 18:40:42', '2012-04-10 18:40:42'),
(175, 'mdMediaImage', 175, '2012-04-10 18:40:57', '2012-04-10 18:40:57'),
(176, 'mdMediaImage', 176, '2012-04-10 18:41:17', '2012-04-10 18:41:17'),
(178, 'mdMediaImage', 178, '2012-04-10 18:41:48', '2012-04-10 18:41:48'),
(180, 'mdMediaImage', 180, '2012-04-10 18:42:18', '2012-04-10 18:42:18'),
(183, 'mdMediaImage', 183, '2012-04-10 18:43:09', '2012-04-10 18:43:09'),
(186, 'mdMediaImage', 186, '2012-04-10 18:44:29', '2012-04-10 18:44:29'),
(187, 'mdMediaImage', 187, '2012-04-10 18:44:40', '2012-04-10 18:44:40'),
(193, 'mdMediaImage', 193, '2012-05-31 15:36:07', '2012-05-31 15:36:07'),
(195, 'mdMediaImage', 195, '2012-05-31 15:44:09', '2012-05-31 15:44:09'),
(196, 'mdMediaImage', 196, '2012-05-31 15:44:29', '2012-05-31 15:44:29'),
(197, 'mdMediaImage', 197, '2012-06-02 22:28:29', '2012-06-02 22:28:29'),
(198, 'mdMediaImage', 198, '2012-06-02 22:28:31', '2012-06-02 22:28:31'),
(199, 'mdMediaImage', 199, '2012-07-25 14:46:57', '2012-07-25 14:46:57'),
(200, 'mdMediaImage', 200, '2012-07-25 14:47:00', '2012-07-25 14:47:00'),
(201, 'mdMediaImage', 201, '2012-07-25 14:47:03', '2012-07-25 14:47:03'),
(202, 'mdMediaImage', 202, '2012-07-25 14:47:08', '2012-07-25 14:47:08'),
(203, 'mdMediaImage', 203, '2012-07-25 14:47:11', '2012-07-25 14:47:11'),
(204, 'mdMediaImage', 204, '2012-07-25 14:47:15', '2012-07-25 14:47:15'),
(205, 'mdMediaImage', 205, '2012-07-25 14:47:20', '2012-07-25 14:47:20'),
(206, 'mdMediaImage', 206, '2012-07-25 16:31:19', '2012-07-25 16:31:19'),
(207, 'mdMediaImage', 207, '2012-07-25 16:31:21', '2012-07-25 16:31:21'),
(208, 'mdMediaImage', 208, '2012-07-25 16:31:23', '2012-07-25 16:31:23'),
(209, 'mdMediaImage', 209, '2012-07-25 16:31:26', '2012-07-25 16:31:26'),
(210, 'mdMediaImage', 210, '2012-07-25 16:31:28', '2012-07-25 16:31:28'),
(211, 'mdMediaImage', 211, '2012-07-25 16:31:31', '2012-07-25 16:31:31'),
(212, 'mdMediaImage', 212, '2012-07-25 16:31:34', '2012-07-25 16:31:34'),
(213, 'mdMediaImage', 213, '2012-07-26 15:19:42', '2012-07-26 15:19:42'),
(214, 'mdMediaImage', 214, '2012-07-26 15:19:50', '2012-07-26 15:19:50'),
(216, 'mdMediaImage', 216, '2012-07-26 15:20:07', '2012-07-26 15:20:07'),
(217, 'mdMediaImage', 217, '2012-07-26 15:20:13', '2012-07-26 15:20:13'),
(218, 'mdMediaImage', 218, '2012-07-26 15:20:19', '2012-07-26 15:20:19'),
(219, 'mdMediaImage', 219, '2012-07-26 15:20:30', '2012-07-26 15:20:30'),
(220, 'mdMediaImage', 220, '2012-07-26 15:20:36', '2012-07-26 15:20:36'),
(221, 'mdMediaImage', 221, '2012-07-26 15:20:44', '2012-07-26 15:20:44'),
(222, 'mdMediaImage', 222, '2012-07-26 15:20:50', '2012-07-26 15:20:50'),
(224, 'mdMediaImage', 224, '2012-07-26 15:21:08', '2012-07-26 15:21:08'),
(225, 'mdMediaImage', 225, '2012-07-26 15:21:16', '2012-07-26 15:21:16'),
(226, 'mdMediaImage', 226, '2012-07-26 15:21:24', '2012-07-26 15:21:24'),
(227, 'mdMediaImage', 227, '2012-07-26 15:21:32', '2012-07-26 15:21:32'),
(229, 'mdMediaImage', 229, '2012-07-26 17:04:55', '2012-07-26 17:04:55'),
(230, 'mdMediaImage', 230, '2012-07-26 17:05:03', '2012-07-26 17:05:03'),
(231, 'mdMediaImage', 231, '2012-07-26 17:05:10', '2012-07-26 17:05:10'),
(232, 'mdMediaImage', 232, '2012-07-26 17:05:15', '2012-07-26 17:05:15'),
(233, 'mdMediaImage', 233, '2012-07-26 17:05:26', '2012-07-26 17:05:26'),
(234, 'mdMediaImage', 234, '2012-07-26 17:05:33', '2012-07-26 17:05:33'),
(235, 'mdMediaImage', 235, '2012-07-26 17:05:41', '2012-07-26 17:05:41'),
(236, 'mdMediaImage', 236, '2012-07-26 17:05:50', '2012-07-26 17:05:50'),
(237, 'mdMediaImage', 237, '2012-07-26 17:05:58', '2012-07-26 17:05:58'),
(238, 'mdMediaImage', 238, '2012-07-26 17:06:08', '2012-07-26 17:06:08'),
(239, 'mdMediaImage', 239, '2012-07-26 17:06:16', '2012-07-26 17:06:16'),
(240, 'mdMediaImage', 240, '2012-07-26 17:25:50', '2012-07-26 17:25:50'),
(241, 'mdMediaImage', 241, '2012-07-26 17:25:54', '2012-07-26 17:25:54'),
(242, 'mdMediaImage', 242, '2012-07-26 17:25:59', '2012-07-26 17:25:59'),
(243, 'mdMediaImage', 243, '2012-07-26 17:26:04', '2012-07-26 17:26:04'),
(244, 'mdMediaImage', 244, '2012-07-26 17:46:02', '2012-07-26 17:46:02'),
(245, 'mdMediaImage', 245, '2012-07-26 17:46:07', '2012-07-26 17:46:07'),
(246, 'mdMediaImage', 246, '2012-07-26 17:46:13', '2012-07-26 17:46:13'),
(247, 'mdMediaImage', 247, '2012-07-26 17:46:18', '2012-07-26 17:46:18'),
(248, 'mdMediaImage', 248, '2012-07-26 17:46:25', '2012-07-26 17:46:25'),
(249, 'mdMediaImage', 249, '2012-07-26 17:46:30', '2012-07-26 17:46:30'),
(250, 'mdMediaImage', 250, '2012-07-26 17:46:35', '2012-07-26 17:46:35'),
(251, 'mdMediaImage', 251, '2012-07-26 17:46:40', '2012-07-26 17:46:40'),
(252, 'mdMediaImage', 252, '2012-07-26 17:46:45', '2012-07-26 17:46:45'),
(253, 'mdMediaImage', 253, '2012-07-26 17:46:50', '2012-07-26 17:46:50'),
(254, 'mdMediaImage', 254, '2012-07-26 17:46:56', '2012-07-26 17:46:56'),
(256, 'mdMediaImage', 256, '2012-07-26 18:04:51', '2012-07-26 18:04:51'),
(257, 'mdMediaImage', 257, '2012-07-26 18:06:18', '2012-07-26 18:06:18'),
(258, 'mdMediaImage', 258, '2012-07-26 18:09:28', '2012-07-26 18:09:28'),
(259, 'mdMediaImage', 259, '2012-07-26 19:02:49', '2012-07-26 19:02:49'),
(260, 'mdMediaImage', 260, '2012-07-26 19:02:57', '2012-07-26 19:02:57'),
(261, 'mdMediaImage', 261, '2012-07-26 19:03:00', '2012-07-26 19:03:00'),
(262, 'mdMediaImage', 262, '2012-07-26 19:03:03', '2012-07-26 19:03:03'),
(263, 'mdMediaImage', 263, '2012-07-26 19:03:05', '2012-07-26 19:03:05'),
(264, 'mdMediaImage', 264, '2012-07-26 19:03:07', '2012-07-26 19:03:07'),
(265, 'mdMediaImage', 265, '2012-07-26 19:03:09', '2012-07-26 19:03:09'),
(266, 'mdMediaImage', 266, '2012-07-26 19:03:11', '2012-07-26 19:03:11'),
(267, 'mdMediaImage', 267, '2012-07-26 19:03:15', '2012-07-26 19:03:15'),
(268, 'mdMediaImage', 268, '2012-07-26 19:03:18', '2012-07-26 19:03:18'),
(269, 'mdMediaImage', 269, '2012-07-26 19:03:20', '2012-07-26 19:03:20'),
(270, 'mdMediaImage', 270, '2012-07-26 19:03:24', '2012-07-26 19:03:24'),
(271, 'mdMediaImage', 271, '2012-07-29 20:42:26', '2012-07-29 20:42:26'),
(272, 'mdMediaImage', 272, '2012-07-29 20:42:30', '2012-07-29 20:42:30'),
(273, 'mdMediaImage', 273, '2012-07-29 20:42:34', '2012-07-29 20:42:34'),
(275, 'mdMediaImage', 275, '2012-07-29 20:53:32', '2012-07-29 20:53:32'),
(276, 'mdMediaImage', 276, '2012-07-29 21:20:10', '2012-07-29 21:20:10'),
(278, 'mdMediaImage', 278, '2012-07-29 21:20:18', '2012-07-29 21:20:18'),
(279, 'mdMediaImage', 279, '2012-07-29 21:20:25', '2012-07-29 21:20:25'),
(280, 'mdMediaImage', 280, '2012-07-29 21:20:29', '2012-07-29 21:20:29'),
(281, 'mdMediaImage', 281, '2012-07-29 21:20:32', '2012-07-29 21:20:32'),
(283, 'mdMediaImage', 283, '2012-07-29 21:20:43', '2012-07-29 21:20:43'),
(284, 'mdMediaImage', 284, '2012-07-29 21:20:48', '2012-07-29 21:20:48'),
(285, 'mdMediaImage', 285, '2012-07-29 21:20:51', '2012-07-29 21:20:51'),
(286, 'mdMediaImage', 286, '2012-07-29 21:20:57', '2012-07-29 21:20:57'),
(287, 'mdMediaImage', 287, '2012-07-29 21:21:04', '2012-07-29 21:21:04'),
(288, 'mdMediaImage', 288, '2012-07-29 21:21:07', '2012-07-29 21:21:07'),
(289, 'mdMediaImage', 289, '2012-07-29 21:21:14', '2012-07-29 21:21:14'),
(304, 'mdMediaImage', 304, '2012-07-29 23:35:34', '2012-07-29 23:35:34'),
(306, 'mdMediaImage', 306, '2012-07-29 23:35:59', '2012-07-29 23:35:59'),
(307, 'mdMediaImage', 307, '2012-07-29 23:36:10', '2012-07-29 23:36:10'),
(308, 'mdMediaImage', 308, '2012-07-29 23:36:27', '2012-07-29 23:36:27'),
(309, 'mdMediaImage', 309, '2012-07-29 23:36:39', '2012-07-29 23:36:39'),
(310, 'mdMediaImage', 310, '2012-07-29 23:36:53', '2012-07-29 23:36:53'),
(311, 'mdMediaImage', 311, '2012-07-29 23:37:07', '2012-07-29 23:37:07'),
(312, 'mdMediaImage', 312, '2012-07-29 23:37:17', '2012-07-29 23:37:17'),
(313, 'mdMediaImage', 313, '2012-08-03 14:54:24', '2012-08-03 14:54:24'),
(314, 'mdMediaImage', 314, '2012-08-03 14:54:29', '2012-08-03 14:54:29'),
(315, 'mdMediaImage', 315, '2012-08-03 14:54:34', '2012-08-03 14:54:34'),
(316, 'mdMediaImage', 316, '2012-08-03 14:54:41', '2012-08-03 14:54:41'),
(317, 'mdMediaImage', 317, '2012-08-03 14:54:45', '2012-08-03 14:54:45'),
(318, 'mdMediaImage', 318, '2012-08-03 14:54:48', '2012-08-03 14:54:48'),
(319, 'mdMediaImage', 319, '2012-08-03 14:54:51', '2012-08-03 14:54:51'),
(320, 'mdMediaImage', 320, '2012-08-03 14:54:55', '2012-08-03 14:54:55'),
(321, 'mdMediaImage', 321, '2012-08-03 14:54:59', '2012-08-03 14:54:59'),
(322, 'mdMediaImage', 322, '2012-08-03 14:55:03', '2012-08-03 14:55:03'),
(323, 'mdMediaImage', 323, '2012-08-03 14:55:07', '2012-08-03 14:55:07'),
(324, 'mdMediaImage', 324, '2012-08-03 14:55:12', '2012-08-03 14:55:12');

-- --------------------------------------------------------

--
-- Table structure for table `md_media_file`
--

CREATE TABLE IF NOT EXISTS `md_media_file` (
  `id` int(11) NOT NULL AUTO_INCREMENT,
  `name` varchar(64) NOT NULL,
  `filename` varchar(64) NOT NULL,
  `filetype` varchar(64) NOT NULL,
  `description` varchar(255) DEFAULT NULL,
  `path` varchar(255) DEFAULT NULL,
  PRIMARY KEY (`id`)
) ENGINE=InnoDB DEFAULT CHARSET=latin1 AUTO_INCREMENT=1 ;

-- --------------------------------------------------------

--
-- Table structure for table `md_media_image`
--

CREATE TABLE IF NOT EXISTS `md_media_image` (
  `id` int(11) NOT NULL AUTO_INCREMENT,
  `name` varchar(64) NOT NULL,
  `filename` varchar(64) NOT NULL,
  `description` varchar(255) DEFAULT NULL,
  `path` varchar(255) DEFAULT NULL,
  PRIMARY KEY (`id`)
) ENGINE=InnoDB  DEFAULT CHARSET=latin1 AUTO_INCREMENT=325 ;

--
-- Dumping data for table `md_media_image`
--

INSERT INTO `md_media_image` (`id`, `name`, `filename`, `description`, `path`) VALUES
(32, 'IMG_8963.jpg', '3b75fe8e1236f089c05dbe8cc49e4911.jpg', NULL, '/media/mdApartamento/'),
(33, 'IMG_8965.jpg', '893a6db8dbb48b833e933905d53d4e67.jpg', NULL, '/media/mdApartamento/'),
(34, 'IMG_8970.jpg', 'f2bd7be87022bccece65d4437e55e42f.jpg', NULL, '/media/mdApartamento/'),
(35, 'IMG_8973.jpg', '72be14e1dcde3c4030c038e6633b659a.jpg', NULL, '/media/mdApartamento/'),
(36, 'IMG_8976.jpg', '959dc62979e87cf8d69f9a6c02702f59.jpg', NULL, '/media/mdApartamento/'),
(37, 'IMG_8978.jpg', '5ff9a02d33fdeb857ef121cf5019f6c7.jpg', NULL, '/media/mdApartamento/'),
(38, 'IMG_8980.jpg', '0085fa15f3409f3535973e7f35f5594a.jpg', NULL, '/media/mdApartamento/'),
(44, 'Punta atardecer copia.jpg', '66c413e9a340f1e67f5728aac880c907.jpg', NULL, '/media/mdLocacion/'),
(48, 'Captura de pantalla 2012-03-01 a la(s) 18.52.45.png', '443347ea40244d8f4b90aa914e56c1fc.png', NULL, '/media/mdLocacion/'),
(49, 'Captura de pantalla 2012-03-01 a la(s) 18.55.39.png', 'a08c2c41913bf9133651250e0936ecf2.png', NULL, '/media/mdLocacion/'),
(52, 'Captura de pantalla 2012-03-01 a la(s) 19.00.13.png', 'cbcc92fa1f2aa1e8ebd4c6da40685ba6.png', NULL, '/media/mdLocacion/'),
(53, 'Captura de pantalla 2012-03-01 a la(s) 19.00.48.png', '8b91b82922885da5d527b2ea5962a96e.png', NULL, '/media/mdLocacion/'),
(54, 'Captura de pantalla 2012-03-01 a la(s) 19.03.32.png', '41eb1c9f3823b9f24a82add65a9959a3.png', NULL, '/media/mdLocacion/'),
(70, 'Captura de pantalla 2012-03-01 a la(s) 20.02.38.png', '3254ad5bcc232304e5fe6c36bbeff559.png', NULL, '/media/mdLocacion/'),
(71, 'Captura de pantalla 2012-03-01 a la(s) 20.03.15.png', 'b036c9e2ebf7b53feab55c8ecaa05783.png', NULL, '/media/mdLocacion/'),
(72, 'Captura de pantalla 2012-03-01 a la(s) 20.03.47.png', '42baf6b57e851cb3ce90593ce00a9af8.png', NULL, '/media/mdLocacion/'),
(73, 'Captura de pantalla 2012-03-01 a la(s) 20.04.32.png', '4d693221263cc715a2cf9f92b7227cc9.png', NULL, '/media/mdLocacion/'),
(78, 'Captura de pantalla 2012-03-01 a la(s) 20.10.31.png', 'c83d8447388b188485db173e5af70a49.png', NULL, '/media/mdLocacion/'),
(79, 'Captura de pantalla 2012-03-01 a la(s) 20.11.25.png', '74cc6b23deccd17b1622630bdb58aa31.png', NULL, '/media/mdLocacion/'),
(80, 'Captura de pantalla 2012-03-01 a la(s) 20.12.16.png', 'c7df1bffb9fc70c6dc31a894e0563689.png', NULL, '/media/mdLocacion/'),
(81, 'Captura de pantalla 2012-03-01 a la(s) 20.13.14.png', '891c3d248fa8b7c5bafc1453dcfacdf3.png', NULL, '/media/mdLocacion/'),
(82, 'Captura de pantalla 2012-03-01 a la(s) 20.13.33.png', '47c51a41eb9212221b9fd9ada79cce23.png', NULL, '/media/mdLocacion/'),
(83, 'Captura de pantalla 2012-03-01 a la(s) 20.13.55.png', '996c84bf97590ea97c5a640ceb11794e.png', NULL, '/media/mdLocacion/'),
(84, 'Captura de pantalla 2012-03-01 a la(s) 20.14.38.png', 'c869a4cb3b92bd54f5bc59cc536eec48.png', NULL, '/media/mdLocacion/'),
(85, 'Captura de pantalla 2012-03-01 a la(s) 20.57.56.png', '9a80bef1089b10a6ab9c1d37f8a670bc.png', NULL, '/media/mdApartamento/'),
(86, 'casa.jpg', '80fb83d82751a1ed41602fd5a5b1377c.jpg', NULL, '/media/mdApartamento/'),
(87, 'fardos.jpg', 'ce142c65813dd29df4550e8817ea6958.jpg', NULL, '/media/mdApartamento/'),
(88, 'puerta.jpg', '651f417cf24df8c18141e4a45e755d41.jpg', NULL, '/media/mdApartamento/'),
(89, 'Captura de pantalla 2012-03-02 a la(s) 13.26.43.png', 'a97565d83a97a5136a444c64fdef0607.png', NULL, '/media/mdLocacion/'),
(90, 'arriba afuera.jpg', 'd9f72c8e0836636455a49baa6469e643.jpg', NULL, '/media/mdApartamento/'),
(91, 'baño abajo.jpg', '1bf9ae608c7df6aa42f284179ec5640d.jpg', NULL, '/media/mdApartamento/'),
(92, 'baño arriba.jpg', '08a2eeaffdf2479bbb8c3ee3d259e4ed.jpg', NULL, '/media/mdApartamento/'),
(93, 'cuarto abajo.jpg', '86f4787675d4d0727ac309041df5561c.jpg', NULL, '/media/mdApartamento/'),
(94, 'cuarto principal.jpg', '144cd0a534a1dc5a9518cf5b441aa716.jpg', NULL, '/media/mdApartamento/'),
(95, 'mesa afuera.jpg', 'a6f7e6789d0b326e641f87765f16ad7a.jpg', NULL, '/media/mdApartamento/'),
(96, 'quincho.jpg', '49e43262bb29cbdcd847573f3caee1ba.jpg', NULL, '/media/mdApartamento/'),
(97, 'vista.jpg', '88664c6fb8d64380746a9854d305c1cb.jpg', NULL, '/media/mdApartamento/'),
(98, 'estar abajo.jpg', 'd6cb26c730b30cad5ce07706d9d8cd08.jpg', NULL, '/media/mdApartamento/'),
(100, 'IMG_7555-1 copia.jpg', '7fb1b2b38cee67126ff8706521033ae2.jpg', NULL, '/media/mdApartamento/'),
(101, 'living2.jpg', 'f73df3ab96f7a60998d75ff51b7a0bf3.jpg', NULL, '/media/mdApartamento/'),
(106, 'Captura de pantalla 2012-03-09 a la(s) 22.43.29.png', '6a68441331f438110599cf2a7c65f926.png', NULL, '/media/mdLocacion/'),
(125, '_MG_4665.JPG', '540055430640ee8e50f783e37a5b29ef.JPG', NULL, '/media/mdApartamento/'),
(126, '_MG_4669.JPG', '82f4c9289bf3c154b6c900accfbaae99.JPG', NULL, '/media/mdApartamento/'),
(127, '_MG_4672.JPG', '909691b5ed879c72c92ef08b1343e585.JPG', NULL, '/media/mdApartamento/'),
(128, '_MG_4674.JPG', 'b215d3b182b9afd50e19ab4c4f8d12fb.JPG', NULL, '/media/mdApartamento/'),
(129, '_MG_4677.JPG', '03f75ee324f6946908c398e062fdacc0.JPG', NULL, '/media/mdApartamento/'),
(130, '_MG_4680.JPG', '4a7d10960930428cbe53280167aeb6b9.JPG', NULL, '/media/mdApartamento/'),
(131, '_MG_4684.JPG', 'd95dce30c571db9bcebf666c0f29740f.JPG', NULL, '/media/mdApartamento/'),
(132, '_MG_4686.JPG', '2383b345da7c72253cd531267e727ebd.JPG', NULL, '/media/mdApartamento/'),
(133, '_MG_4694.JPG', '99c64e971007a5cb44aad87cf07a60ed.JPG', NULL, '/media/mdApartamento/'),
(134, 'IMG_4696.JPG', '42d3a89a4e63b0eb58ae35cada5da8e5.JPG', NULL, '/media/mdApartamento/'),
(135, 'IMG_4699.JPG', 'c814d4cbec85eb5f3d2c3f46194bf0a3.JPG', NULL, '/media/mdApartamento/'),
(136, '_MG_4642.JPG', 'c3b3f8eafc639ad115d71b4b0ebc66c3.JPG', NULL, '/media/mdApartamento/'),
(137, '_MG_4704.JPG', 'fa8ae6ee0891b18557447ae11ca540e9.JPG', NULL, '/media/mdApartamento/'),
(138, '_MG_4706.JPG', '87fda8cbb5789676738a557971de7caa.JPG', NULL, '/media/mdApartamento/'),
(139, '_MG_4708.JPG', '2b44133746a078b06a90438d502a8149.JPG', NULL, '/media/mdApartamento/'),
(140, '_MG_4709.JPG', 'fb517b790902dd7c7f5a7c825665065d.JPG', NULL, '/media/mdApartamento/'),
(141, '_MG_4711.JPG', 'f200f187b60535d909d97a15c788e508.JPG', NULL, '/media/mdApartamento/'),
(143, '_MG_4719.JPG', '8a62c614d92090e77485f34502587a9b.JPG', NULL, '/media/mdApartamento/'),
(144, '_MG_4730.JPG', 'eb692c70ab600e5cf8ca992f923b673c.JPG', NULL, '/media/mdApartamento/'),
(145, '_MG_4731.JPG', '26f3eaec2fcc91cd84a6926d4b9c1dc9.JPG', NULL, '/media/mdApartamento/'),
(146, '_MG_4736.JPG', '85be404b93e03a8887dd0f4332553d36.JPG', NULL, '/media/mdApartamento/'),
(147, '_MG_4742.JPG', '099b5a2c88b222d01240e3c986502a7f.JPG', NULL, '/media/mdApartamento/'),
(148, '_MG_4743.JPG', '7cb09c26b319088a1e0338963894bf56.JPG', NULL, '/media/mdApartamento/'),
(150, '_MG_4749.JPG', '3454250cd31386855d88462dcf3ea726.JPG', NULL, '/media/mdApartamento/'),
(151, '_MG_4627.JPG', '50f428b9badc12e4914b5cae48d404b6.JPG', NULL, '/media/mdApartamento/'),
(152, '_MG_4631.JPG', '2105ea0c3d9667a2d0223ae8c8baa830.JPG', NULL, '/media/mdApartamento/'),
(153, '_MG_4635.JPG', 'b01f07afbdab065deb7a04cbce25bb82.JPG', NULL, '/media/mdApartamento/'),
(154, '_MG_4639.JPG', '1d73b3b236b7399736161e47bc47513a.JPG', NULL, '/media/mdApartamento/'),
(155, '_MG_4640.JPG', '69bba038ba7b3ee620cb82f42d642ff9.JPG', NULL, '/media/mdApartamento/'),
(156, '_MG_4642.JPG', 'b83d60c8ff3bc3f42b76b8cb64825b0a.JPG', NULL, '/media/mdApartamento/'),
(157, '_MG_4645.JPG', '42284f8c6f3bb9e870c3462d5b418eeb.JPG', NULL, '/media/mdApartamento/'),
(158, '_MG_4648.JPG', '5e2917d0b954b89961bbaa4153eff5e7.JPG', NULL, '/media/mdApartamento/'),
(159, '_MG_4651.JPG', 'a1e00782e3e4eca1acb5f22b4cfe12c5.JPG', NULL, '/media/mdApartamento/'),
(160, '_MG_4653.JPG', '718b2ef0a17d84af681e760778be92eb.JPG', NULL, '/media/mdApartamento/'),
(161, '_MG_4656.JPG', 'de601b12095eb0a7d9b7aa971eb72eb0.JPG', NULL, '/media/mdApartamento/'),
(163, 'DSC04400.JPG', '18c1bf71f75295a7e13626e6f15059df.JPG', NULL, '/media/mdApartamento/'),
(164, 'DSC04407.JPG', '142c6b8c9972ecdcf7e8c6455c6550bf.JPG', NULL, '/media/mdApartamento/'),
(165, 'DSC04409.JPG', '0d5895f404003e23c038953aee15f810.JPG', NULL, '/media/mdApartamento/'),
(166, 'DSC04427.JPG', '885a0fa3873bf154cc7a465cd3717f13.JPG', NULL, '/media/mdApartamento/'),
(167, 'DSC04430.JPG', '72337c58bcfa2079dfeb25dd66ef8920.JPG', NULL, '/media/mdApartamento/'),
(168, 'DSC04431.JPG', 'b45ea68e9aa2ec1d4417a0443710f1ca.JPG', NULL, '/media/mdApartamento/'),
(170, 'DSC04441.JPG', '5f0783d261ec85e9e07634b7e56a234e.JPG', NULL, '/media/mdApartamento/'),
(171, 'DSC04444.JPG', '2eefbb35bd17a46187a4d311ab5bf6e9.JPG', NULL, '/media/mdApartamento/'),
(172, 'DSC04445.JPG', '1ece1fc8610feb41962911d6ed6e26d7.JPG', NULL, '/media/mdApartamento/'),
(174, 'DSC04451.JPG', '4cc92bb4ef0cbd0c273496d3ff0a47a7.JPG', NULL, '/media/mdApartamento/'),
(175, 'DSC04458.JPG', 'a7417dfbbb65733245c63f15cc0a3893.JPG', NULL, '/media/mdApartamento/'),
(176, 'DSC04460.JPG', '69e3cb0c28968357a8d0900f29f31548.JPG', NULL, '/media/mdApartamento/'),
(178, 'DSC04463.JPG', 'a33978cd8328d1fdb6727fc1e3911987.JPG', NULL, '/media/mdApartamento/'),
(180, 'DSC04467.JPG', '847a811baaac20b8333dcbf906a81049.JPG', NULL, '/media/mdApartamento/'),
(183, 'DSC04475.JPG', '594a248b778e0eb4c930ed27bc25b55f.JPG', NULL, '/media/mdApartamento/'),
(186, 'DSC04490.JPG', 'e01d4c851131a9af3b7630c0b45b1e2c.JPG', NULL, '/media/mdApartamento/'),
(187, 'DSC04493.JPG', 'efbf7e8379748267afdf2f822205f7c5.JPG', NULL, '/media/mdApartamento/'),
(193, 'home1.jpg', '536745ed84d094538df4c560040aea09.jpg', NULL, '/media/mdLocacion/'),
(195, 'Captura de pantalla 2012-03-01 a la(s) 20.12.16.jpg', '2ec4a1b65428c527ab061c83270aa40c.jpg', NULL, '/media/mdLocacion/'),
(196, 'home2.jpg', '1428d2a38ce124c75edbce32caf7743b.jpg', NULL, '/media/mdLocacion/'),
(197, 'fotohome5.jpg', '901a7fd163652f103fb1871fa34d5696.jpg', NULL, '/media/mdLocacion/'),
(198, 'home6.jpg', '1149afb1e8280eb9ce09e5e507963dc2.jpg', NULL, '/media/mdLocacion/'),
(199, 'inm_0_6114.JPG', '3f2162b034c196c4ad78398d96a6ddfd.JPG', NULL, '/media/mdApartamento/'),
(200, 'inm_2_6114.JPG', 'ebca9e53feb9335e17c97f4b81932514.JPG', NULL, '/media/mdApartamento/'),
(201, 'inm_3_6114.JPG', 'a7d53f47d74a40ccd2fbdb429b00591b.JPG', NULL, '/media/mdApartamento/'),
(202, 'inm_4_6114.JPG', '84174a8a5de82d693b0ebe78a1730755.JPG', NULL, '/media/mdApartamento/'),
(203, 'inm_5_6114.JPG', '4fef8d5d91c59cb73c177df17838dc3b.JPG', NULL, '/media/mdApartamento/'),
(204, 'inm_6_6114.JPG', '38535b1fd518a6f8da85083b6655dfd0.JPG', NULL, '/media/mdApartamento/'),
(205, 'inm_7_6114.JPG', '825b651cc0e45cf48b15dc7138d1eee1.JPG', NULL, '/media/mdApartamento/'),
(206, 'inm_0_6046.JPG', '654e3373895129fc864da73ab0476859.JPG', NULL, '/media/mdApartamento/'),
(207, 'inm_1_6046.JPG', '0ff6acc245cb498e751ce66e4be48563.JPG', NULL, '/media/mdApartamento/'),
(208, 'inm_2_6046.JPG', 'c303170df576428f4ce5dbd201026170.JPG', NULL, '/media/mdApartamento/'),
(209, 'inm_3_6046.JPG', 'fd4819c848c657abab74d4df620e01f6.JPG', NULL, '/media/mdApartamento/'),
(210, 'inm_4_6046.JPG', '1b4de99c2fe55438429a44f54a98e73c.JPG', NULL, '/media/mdApartamento/'),
(211, 'inm_5_6046.JPG', '2fe4f12df29b2c7a37ae2b3cd9e218c4.JPG', NULL, '/media/mdApartamento/'),
(212, 'inm_6_6046.JPG', '66f712f9886feb9be3f1c171451a3e12.JPG', NULL, '/media/mdApartamento/'),
(213, 'IMG_9931.jpg', 'e2fb2ef049430f49937992d783f8fce7.jpg', NULL, '/media/mdApartamento/'),
(214, 'IMG_9944.jpg', '264b7173eee9931746f28ae5d0f34a5e.jpg', NULL, '/media/mdApartamento/'),
(216, 'IMG_9946-1.jpg', '14806faf8e32d83d94ddd150733ee24f.jpg', NULL, '/media/mdApartamento/'),
(217, 'IMG_9970.jpg', 'a9947e911e6604537e5470dd55d81faa.jpg', NULL, '/media/mdApartamento/'),
(218, 'IMG_9977.jpg', '5d6d8ec274069df89d42e00369adb8d1.jpg', NULL, '/media/mdApartamento/'),
(219, 'IMG_9991.jpg', '7741c19bf9b5bbd440f0bc34993a5498.jpg', NULL, '/media/mdApartamento/'),
(220, 'IMG_0006.jpg', '00698379ea8cf1b1cc3ee1e7e3c1cf12.jpg', NULL, '/media/mdApartamento/'),
(221, 'IMG_0007.jpg', 'c554ed20150471792c65d4928824f0b6.jpg', NULL, '/media/mdApartamento/'),
(222, 'IMG_0012.jpg', '154f5964b34a86096e88fe01c3b6df72.jpg', NULL, '/media/mdApartamento/'),
(224, 'IMG_0015-1.jpg', 'd7121368aa98084a0046b6aef1471dab.jpg', NULL, '/media/mdApartamento/'),
(225, 'IMG_0023.jpg', 'e5458b941e68023b06dd3e47ef2fddd6.jpg', NULL, '/media/mdApartamento/'),
(226, 'IMG_0028.jpg', 'df798a195a16a51fc9baa1d6738c13d1.jpg', NULL, '/media/mdApartamento/'),
(227, 'IMG_0039.jpg', '4d86e909f3a46dc81ace53fd488c6dae.jpg', NULL, '/media/mdApartamento/'),
(229, 'IMG_9944.jpg', '2eb06cb85366e6fb795bdbbd01165394.jpg', NULL, '/media/mdApartamento/'),
(230, 'IMG_9946.jpg', 'f9695de9def64149ac33176a3103cf54.jpg', NULL, '/media/mdApartamento/'),
(231, 'IMG_9970.jpg', '716abdc37f56192326910147c5f3a5d4.jpg', NULL, '/media/mdApartamento/'),
(232, 'IMG_9977.jpg', '33eddf02c269a41ebaa3151189c56b3a.jpg', NULL, '/media/mdApartamento/'),
(233, 'IMG_9991.jpg', '82c78e9f1265afcb467a1673cbb62cfa.jpg', NULL, '/media/mdApartamento/'),
(234, 'IMG_0006.jpg', '817526c34653dcca803a2cc284378bf7.jpg', NULL, '/media/mdApartamento/'),
(235, 'IMG_0007.jpg', 'e9f2869bd068104d837c9706286d891f.jpg', NULL, '/media/mdApartamento/'),
(236, 'IMG_0015-1.jpg', '7de74c95a84dd71031ce3a19699f8dea.jpg', NULL, '/media/mdApartamento/'),
(237, 'IMG_0023.jpg', '150c35f9c632e367510ae1f57bba7186.jpg', NULL, '/media/mdApartamento/'),
(238, 'IMG_0028.jpg', '32cb6b0ef7e644e1642bbb6201bd1351.jpg', NULL, '/media/mdApartamento/'),
(239, 'IMG_0039.jpg', 'b7ee012a36e807ab97c9cc8aae0895f6.jpg', NULL, '/media/mdApartamento/'),
(240, 'pindo4.jpg', 'c4d2a8984f54a3faa5ee028d13cb0aec.jpg', NULL, '/media/mdApartamento/'),
(241, 'pindo3.jpg', '4b8d9b96ce25d33a5bf2f3eb7751ed26.jpg', NULL, '/media/mdApartamento/'),
(242, 'pindo2.jpg', '71df0712c9a6f8aabb35a26eb3d11fa3.jpg', NULL, '/media/mdApartamento/'),
(243, 'pindo1.jpg', 'dd65a7a4f1add02eefb0afb160e11b52.jpg', NULL, '/media/mdApartamento/'),
(244, 'pindo5.jpg', 'f74542be113d69a34b2fd56c40336e2a.jpg', NULL, '/media/mdApartamento/'),
(245, 'pindo6.jpg', 'de0a6f8f59ce9f37fdfb462ebd7ae854.jpg', NULL, '/media/mdApartamento/'),
(246, 'pindo7.jpg', 'bcd385896952176d9710931d3bdaf71f.jpg', NULL, '/media/mdApartamento/'),
(247, 'pindo8.jpg', '97ea676fc8f1442cf461c0e605cffbc5.jpg', NULL, '/media/mdApartamento/'),
(248, 'pindo9.jpg', 'a316c27f32686e3c66d3d9bb8945905c.jpg', NULL, '/media/mdApartamento/'),
(249, 'pindo10.jpg', '1408e1a63c529eca787b7369d0ef1d78.jpg', NULL, '/media/mdApartamento/'),
(250, 'pindo11.jpg', '200ec1360ee369ba929b773f8288da72.jpg', NULL, '/media/mdApartamento/'),
(251, 'pindo12.jpg', 'd4ff2f12f572b20edf33f591b16349b1.jpg', NULL, '/media/mdApartamento/'),
(252, 'pindo13.jpg', '1d7ab7146a91b8698fdc873b48b087df.jpg', NULL, '/media/mdApartamento/'),
(253, 'pindo14.jpg', 'b11d2c274a4d60bd65e96751a2745a37.jpg', NULL, '/media/mdApartamento/'),
(254, 'pindo15.jpg', '4ccf79f0529681a28d41cf0a6131882b.jpg', NULL, '/media/mdApartamento/'),
(256, 'IMG_0053.jpg', 'e2ac0b4f2885b29f9bec865e51f67f31.jpg', NULL, '/media/mdApartamento/'),
(257, 'IMG_0044.jpg', '571ff288b00cb0031d3d6525e0367c31.jpg', NULL, '/media/mdApartamento/'),
(258, 'playa 01.JPG', '3724203494b02d07076b332a55ae4b83.JPG', NULL, '/media/mdLocacion/'),
(259, 'inm_0_5321.JPG', '1efaab05a526be157ee4fabd7c904152.JPG', NULL, '/media/mdApartamento/'),
(260, 'inm_1_5321.JPG', '9b354e2f64efffd625a5f2ef6175a9c5.JPG', NULL, '/media/mdApartamento/'),
(261, 'inm_2_5321.JPG', '5267e446ae2648fd282ad1cff369f379.JPG', NULL, '/media/mdApartamento/'),
(262, 'inm_3_5321.JPG', '33d549a2d9ce1c72d46b658ce0409672.JPG', NULL, '/media/mdApartamento/'),
(263, 'inm_4_5321.JPG', '017a1e07db7a59e4c8456f9b72767dad.JPG', NULL, '/media/mdApartamento/'),
(264, 'inm_5_5321.JPG', '25bb3441bd08884bba917812a79f08a7.JPG', NULL, '/media/mdApartamento/'),
(265, 'inm_6_5321.JPG', '4652cfc2adbac37e457eb767a260669f.JPG', NULL, '/media/mdApartamento/'),
(266, 'inm_7_5321.JPG', '0000b351e76d9ed5e00be84d8a409449.JPG', NULL, '/media/mdApartamento/'),
(267, 'inm_8_5321.JPG', '4a95a4ec256d7c0f85b7935f0df60e93.JPG', NULL, '/media/mdApartamento/'),
(268, 'inm_9_5321.JPG', '8dbf652bc62ffc568ca83d7d9a8d4ba3.JPG', NULL, '/media/mdApartamento/'),
(269, 'inm_10_5321.JPG', 'd174d1edbd8bc0e5f3f5d0e867f29ea6.JPG', NULL, '/media/mdApartamento/'),
(270, 'inm_11_5321.JPG', '3c2880cd23df6b3f2e295bc03b8dadf7.JPG', NULL, '/media/mdApartamento/'),
(271, 'inm_0_5362.JPG', 'fcf51977b2bb4c19b1fca53dbe984fe0.JPG', NULL, '/media/mdApartamento/'),
(272, 'inm_1_5362.JPG', 'af587a0b31fdf38e1dff0053d3ccff74.JPG', NULL, '/media/mdApartamento/'),
(273, 'inm_2_5362.JPG', 'bc5b38fabc9ada1b59e7149104923eba.JPG', NULL, '/media/mdApartamento/'),
(275, 'inm_0_5362 copy.jpg', 'b19dd65e34b47c7c365f1a53d19e05a2.jpg', NULL, '/media/mdApartamento/'),
(276, 'inm_0_5323.JPG', '8820c3c3dec81aa4447df8f4ffb41b41.JPG', NULL, '/media/mdApartamento/'),
(278, 'inm_1_5323-19.JPG', 'd1ed4329ca7cc9b0fc25d893d827769a.JPG', NULL, '/media/mdApartamento/'),
(279, 'inm_2_5323.JPG', '638c78d0a56d2fea9be6367fe765d012.JPG', NULL, '/media/mdApartamento/'),
(280, 'inm_3_5323.JPG', '90320424e3c3302e1445d9ab0961d3c7.JPG', NULL, '/media/mdApartamento/'),
(281, 'inm_4_5323.JPG', 'e04aaef11ead912b98343590b087f71f.JPG', NULL, '/media/mdApartamento/'),
(283, 'inm_5_5323.JPG', 'ce4137320c6a77da5efc5d853e64c0f2.JPG', NULL, '/media/mdApartamento/'),
(284, 'inm_6_5323.JPG', '3ea9d6c9e2ba2aca64aaea66d7eaf416.JPG', NULL, '/media/mdApartamento/'),
(285, 'inm_7_5323.JPG', '903e4da0bc614905a904de100c8bf353.JPG', NULL, '/media/mdApartamento/'),
(286, 'inm_8_5323.JPG', '4f14829f327e905618b173b87245867d.JPG', NULL, '/media/mdApartamento/'),
(287, 'inm_9_5323.JPG', '630b48f94e53a4b4461c99681bdec5d1.JPG', NULL, '/media/mdApartamento/'),
(288, 'inm_10_5323-1.JPG', 'ea79ea39681148107905a9643ce85c29.JPG', NULL, '/media/mdApartamento/'),
(289, 'inm_11_5323.JPG', '883a39c2e8cd75973eea2b6bf2161fea.JPG', NULL, '/media/mdApartamento/'),
(304, 'inm_2_5998.JPG', 'f2d9713ff780db73ba7257891f90abf5.JPG', NULL, '/media/mdApartamento/'),
(306, 'inm_4_5998.JPG', '446934305241580d465cf47dfccde5e9.JPG', NULL, '/media/mdApartamento/'),
(307, 'inm_5_5998.JPG', '09088fd93f16d92338ac8e000b24ed59.JPG', NULL, '/media/mdApartamento/'),
(308, 'inm_6_5998.JPG', 'b542153ee2f3c2a5cdd990ed9f2a355a.JPG', NULL, '/media/mdApartamento/'),
(309, 'inm_7_5998.JPG', '0a64f81b89044c807af47ef58a30c65a.JPG', NULL, '/media/mdApartamento/'),
(310, 'inm_8_5998.JPG', '19efdc1b3f6322f9d512e27302cd112a.JPG', NULL, '/media/mdApartamento/'),
(311, 'inm_9_5998.JPG', '9587839b0b8617a240a0a6719b58b61d.JPG', NULL, '/media/mdApartamento/'),
(312, 'inm_10_5998.JPG', 'f72084a4869aea98c1cc98cb9fc5d8d9.JPG', NULL, '/media/mdApartamento/'),
(313, 'inm_0_5115.JPG', 'd564f46160697847f4e9bc1980710c45.JPG', NULL, '/media/mdApartamento/'),
(314, 'inm_1_5115.JPG', '0613c1cc2edc4f684a4405717bc2a645.JPG', NULL, '/media/mdApartamento/'),
(315, 'inm_2_5115.JPG', '3e034e6d507a1c3d836204addf9a4ebe.JPG', NULL, '/media/mdApartamento/'),
(316, 'inm_3_5115.JPG', '75675d23009bf90c11a31653ef09f2b4.JPG', NULL, '/media/mdApartamento/'),
(317, 'inm_4_5115.JPG', '313cb4b53aa35406e938508694defc9e.JPG', NULL, '/media/mdApartamento/'),
(318, 'inm_5_5115.JPG', '9b0075f675cab2b08a1c0e3fc99bc9a4.JPG', NULL, '/media/mdApartamento/'),
(319, 'inm_6_5115.JPG', '80caa140cfed16cf12c5990e21673b96.JPG', NULL, '/media/mdApartamento/'),
(320, 'inm_7_5115.JPG', '5d5a451c6e8b291a0a7701a70d9f3de9.JPG', NULL, '/media/mdApartamento/'),
(321, 'inm_8_5115.JPG', 'd0d2445ccf8ad2feff99c48946bfb927.JPG', NULL, '/media/mdApartamento/'),
(322, 'inm_9_5115.JPG', '0566baefc9628958dbd8bc843c329c07.JPG', NULL, '/media/mdApartamento/'),
(323, 'inm_11_5115.JPG', 'dc13a464be819351bf81a28875df7944.JPG', NULL, '/media/mdApartamento/'),
(324, 'inm_12_5115.JPG', '6f36464aaa250540f6ab79cda7f6879d.JPG', NULL, '/media/mdApartamento/');

-- --------------------------------------------------------

--
-- Table structure for table `md_media_issuu_video`
--

CREATE TABLE IF NOT EXISTS `md_media_issuu_video` (
  `id` int(11) NOT NULL AUTO_INCREMENT,
  `documentid` text NOT NULL,
  `embed_code` text NOT NULL,
  PRIMARY KEY (`id`)
) ENGINE=InnoDB DEFAULT CHARSET=latin1 AUTO_INCREMENT=1 ;

-- --------------------------------------------------------

--
-- Table structure for table `md_media_video`
--

CREATE TABLE IF NOT EXISTS `md_media_video` (
  `id` int(11) NOT NULL AUTO_INCREMENT,
  `name` varchar(64) NOT NULL,
  `filename` varchar(64) NOT NULL,
  `duration` varchar(64) NOT NULL,
  `type` varchar(64) NOT NULL,
  `description` varchar(255) DEFAULT NULL,
  `path` varchar(255) DEFAULT NULL,
  `avatar` varchar(255) DEFAULT NULL,
  PRIMARY KEY (`id`)
) ENGINE=InnoDB DEFAULT CHARSET=latin1 AUTO_INCREMENT=1 ;

-- --------------------------------------------------------

--
-- Table structure for table `md_media_vimeo_video`
--

CREATE TABLE IF NOT EXISTS `md_media_vimeo_video` (
  `id` int(11) NOT NULL AUTO_INCREMENT,
  `vimeo_url` varchar(64) NOT NULL,
  `title` varchar(255) NOT NULL,
  `src` varchar(255) NOT NULL,
  `duration` varchar(64) NOT NULL,
  `description` text,
  `avatar` varchar(255) DEFAULT NULL,
  `avatar_width` tinyint(4) DEFAULT NULL,
  `avatar_height` tinyint(4) DEFAULT NULL,
  `author_name` varchar(255) DEFAULT NULL,
  `author_url` varchar(255) DEFAULT NULL,
  PRIMARY KEY (`id`)
) ENGINE=InnoDB DEFAULT CHARSET=latin1 AUTO_INCREMENT=1 ;

-- --------------------------------------------------------

--
-- Table structure for table `md_media_youtube_video`
--

CREATE TABLE IF NOT EXISTS `md_media_youtube_video` (
  `id` int(11) NOT NULL AUTO_INCREMENT,
  `name` varchar(64) NOT NULL,
  `src` varchar(255) NOT NULL,
  `code` varchar(64) NOT NULL,
  `duration` varchar(64) NOT NULL,
  `description` varchar(255) DEFAULT NULL,
  `path` varchar(255) DEFAULT NULL,
  `avatar` varchar(255) DEFAULT NULL,
  PRIMARY KEY (`id`)
) ENGINE=InnoDB DEFAULT CHARSET=latin1 AUTO_INCREMENT=1 ;

-- --------------------------------------------------------

--
-- Table structure for table `md_news_letter_group`
--

CREATE TABLE IF NOT EXISTS `md_news_letter_group` (
  `id` int(11) NOT NULL AUTO_INCREMENT,
  `name` text NOT NULL,
  PRIMARY KEY (`id`)
) ENGINE=InnoDB  DEFAULT CHARSET=latin1 AUTO_INCREMENT=4 ;

--
-- Dumping data for table `md_news_letter_group`
--

INSERT INTO `md_news_letter_group` (`id`, `name`) VALUES
(1, 'Espanol'),
(2, 'Ingles'),
(3, 'portugues');

-- --------------------------------------------------------

--
-- Table structure for table `md_news_letter_group_sended`
--

CREATE TABLE IF NOT EXISTS `md_news_letter_group_sended` (
  `md_newsletter_group_id` int(11) NOT NULL DEFAULT '0',
  `md_newsletter_contend_sended_id` int(11) NOT NULL DEFAULT '0',
  `created_at` datetime NOT NULL,
  `updated_at` datetime NOT NULL,
  PRIMARY KEY (`md_newsletter_group_id`,`md_newsletter_contend_sended_id`),
  KEY `mmmi_1` (`md_newsletter_contend_sended_id`)
) ENGINE=InnoDB DEFAULT CHARSET=latin1;

-- --------------------------------------------------------

--
-- Table structure for table `md_news_letter_group_user`
--

CREATE TABLE IF NOT EXISTS `md_news_letter_group_user` (
  `md_newsletter_group_id` int(11) NOT NULL DEFAULT '0',
  `md_newsletter_user_id` int(11) NOT NULL DEFAULT '0',
  `created_at` datetime NOT NULL,
  `updated_at` datetime NOT NULL,
  PRIMARY KEY (`md_newsletter_group_id`,`md_newsletter_user_id`),
  KEY `mmmi_3` (`md_newsletter_user_id`)
) ENGINE=InnoDB DEFAULT CHARSET=latin1;

--
-- Dumping data for table `md_news_letter_group_user`
--

INSERT INTO `md_news_letter_group_user` (`md_newsletter_group_id`, `md_newsletter_user_id`, `created_at`, `updated_at`) VALUES
(1, 1, '2012-08-02 11:50:57', '2012-08-02 11:50:57');

-- --------------------------------------------------------

--
-- Table structure for table `md_news_letter_user`
--

CREATE TABLE IF NOT EXISTS `md_news_letter_user` (
  `id` int(11) NOT NULL AUTO_INCREMENT,
  `name` text,
  `md_user_id` int(11) NOT NULL,
  `created_at` datetime NOT NULL,
  `updated_at` datetime NOT NULL,
  PRIMARY KEY (`id`),
  KEY `md_user_id_idx` (`md_user_id`)
) ENGINE=InnoDB  DEFAULT CHARSET=latin1 AUTO_INCREMENT=2 ;

--
-- Dumping data for table `md_news_letter_user`
--

INSERT INTO `md_news_letter_user` (`id`, `name`, `md_user_id`, `created_at`, `updated_at`) VALUES
(1, 'Rodrigo', 17, '2012-08-02 11:50:57', '2012-08-02 11:50:57');

-- --------------------------------------------------------

--
-- Table structure for table `md_newsletter_content`
--

CREATE TABLE IF NOT EXISTS `md_newsletter_content` (
  `id` int(11) NOT NULL AUTO_INCREMENT,
  `subject` text NOT NULL,
  `body` longblob NOT NULL,
  `send_counter` int(11) NOT NULL,
  `created_at` datetime NOT NULL,
  `updated_at` datetime NOT NULL,
  PRIMARY KEY (`id`)
) ENGINE=InnoDB DEFAULT CHARSET=latin1 AUTO_INCREMENT=1 ;

-- --------------------------------------------------------

--
-- Table structure for table `md_newsletter_content_sended`
--

CREATE TABLE IF NOT EXISTS `md_newsletter_content_sended` (
  `id` int(11) NOT NULL AUTO_INCREMENT,
  `subject` text NOT NULL,
  `body` longblob NOT NULL,
  `send_counter` int(11) NOT NULL,
  `sending_date` datetime DEFAULT NULL,
  `sended` tinyint(1) DEFAULT '0',
  `for_status` smallint(6) DEFAULT '0',
  `md_newsletter_content_id` int(11) NOT NULL,
  `created_at` datetime NOT NULL,
  `updated_at` datetime NOT NULL,
  PRIMARY KEY (`id`),
  KEY `md_newsletter_content_id_idx` (`md_newsletter_content_id`)
) ENGINE=InnoDB DEFAULT CHARSET=latin1 AUTO_INCREMENT=1 ;

-- --------------------------------------------------------

--
-- Table structure for table `md_newsletter_send`
--

CREATE TABLE IF NOT EXISTS `md_newsletter_send` (
  `id` int(11) NOT NULL AUTO_INCREMENT,
  `md_news_letter_user_id` int(11) NOT NULL,
  `md_newsletter_content_sended_id` int(11) NOT NULL,
  `sending_date` datetime DEFAULT NULL,
  `created_at` datetime NOT NULL,
  `updated_at` datetime NOT NULL,
  PRIMARY KEY (`id`),
  KEY `md_news_letter_user_id_idx` (`md_news_letter_user_id`),
  KEY `md_newsletter_content_sended_id_idx` (`md_newsletter_content_sended_id`)
) ENGINE=InnoDB DEFAULT CHARSET=latin1 AUTO_INCREMENT=1 ;

-- --------------------------------------------------------

--
-- Table structure for table `md_ocupacion`
--

CREATE TABLE IF NOT EXISTS `md_ocupacion` (
  `id` int(11) NOT NULL AUTO_INCREMENT,
  `md_apartamento_id` int(11) NOT NULL,
  `fecha` datetime NOT NULL,
  PRIMARY KEY (`id`),
  KEY `md_apartamento_id_idx` (`md_apartamento_id`)
) ENGINE=InnoDB  DEFAULT CHARSET=latin1 AUTO_INCREMENT=7597 ;

--
-- Dumping data for table `md_ocupacion`
--

INSERT INTO `md_ocupacion` (`id`, `md_apartamento_id`, `fecha`) VALUES
(5276, 2, '2011-12-26 16:53:49'),
(5277, 2, '2011-12-27 16:53:49'),
(5278, 2, '2011-12-28 16:53:49'),
(5279, 2, '2011-12-29 16:53:49'),
(5280, 2, '2012-01-06 16:53:49'),
(5281, 2, '2011-12-30 16:53:49'),
(5282, 2, '2011-12-31 16:53:49'),
(5283, 2, '2012-01-01 16:53:49'),
(5284, 2, '2012-01-08 16:53:49'),
(5285, 2, '2012-01-02 16:53:49'),
(5286, 2, '2012-01-03 16:53:49'),
(5287, 2, '2012-01-04 16:53:49'),
(5288, 2, '2012-01-05 16:53:49'),
(5289, 2, '2012-01-07 16:53:49'),
(5290, 2, '2012-01-15 16:53:49'),
(5291, 2, '2012-01-14 16:53:49'),
(5292, 2, '2012-01-12 16:53:49'),
(5293, 2, '2012-01-10 16:53:49'),
(5294, 2, '2012-01-09 16:53:49'),
(5295, 2, '2012-01-11 16:53:49'),
(5296, 2, '2012-01-13 16:53:49'),
(5297, 2, '2012-01-16 16:53:49'),
(5298, 2, '2012-01-17 16:53:49'),
(5299, 2, '2012-01-24 16:53:49'),
(5300, 2, '2012-01-31 16:53:49'),
(5301, 2, '2012-01-25 16:53:49'),
(5302, 2, '2012-01-18 16:53:49'),
(5303, 2, '2012-01-26 16:53:49'),
(5304, 2, '2012-01-27 16:53:49'),
(5305, 2, '2012-01-28 16:53:49'),
(5306, 2, '2012-01-29 16:53:49'),
(5307, 2, '2012-01-22 16:53:49'),
(5308, 2, '2012-01-21 16:53:49'),
(5309, 2, '2012-01-20 16:53:49'),
(5310, 2, '2012-01-19 16:53:49'),
(5311, 2, '2012-01-23 16:53:49'),
(5312, 2, '2012-01-30 16:53:49'),
(5313, 2, '2012-02-01 16:53:49'),
(5314, 2, '2012-02-02 16:53:49'),
(5315, 2, '2012-02-04 16:53:49'),
(5316, 2, '2012-02-03 16:53:49'),
(5317, 2, '2012-02-05 16:53:50'),
(5318, 2, '2012-02-12 16:53:50'),
(5319, 2, '2012-02-11 16:53:50'),
(5320, 2, '2012-02-10 16:53:50'),
(5321, 2, '2012-02-09 16:53:50'),
(5322, 2, '2012-02-07 16:53:50'),
(5323, 2, '2012-02-06 16:53:50'),
(5324, 2, '2012-02-08 16:53:50'),
(5325, 2, '2012-02-15 16:53:50'),
(5326, 2, '2012-02-13 16:53:50'),
(5327, 2, '2012-02-20 16:53:50'),
(5328, 2, '2012-02-27 16:53:50'),
(5329, 2, '2012-03-05 16:53:50'),
(5330, 2, '2012-03-07 16:53:50'),
(5331, 2, '2012-03-09 16:53:50'),
(5332, 2, '2012-03-10 16:53:50'),
(5333, 2, '2012-03-11 16:53:50'),
(5334, 2, '2012-03-08 16:53:50'),
(5335, 2, '2012-03-06 16:53:50'),
(5336, 2, '2012-02-21 16:53:50'),
(5337, 2, '2012-02-22 16:53:50'),
(5338, 2, '2012-02-23 16:53:50'),
(5339, 2, '2012-02-24 16:53:50'),
(5340, 2, '2012-02-25 16:53:50'),
(5341, 2, '2012-02-26 16:53:50'),
(5342, 2, '2012-03-04 16:53:50'),
(5343, 2, '2012-03-03 16:53:50'),
(5344, 2, '2012-03-02 16:53:50'),
(5345, 2, '2012-03-01 16:53:50'),
(5346, 2, '2012-02-29 16:53:50'),
(5347, 2, '2012-02-28 16:53:50'),
(5348, 2, '2012-02-14 16:53:50'),
(5349, 2, '2012-02-16 16:53:50'),
(5350, 2, '2012-02-17 16:53:50'),
(5351, 2, '2012-02-18 16:53:50'),
(5352, 2, '2012-02-19 16:53:51'),
(5353, 2, '2012-03-18 16:53:51'),
(5354, 2, '2012-03-17 16:53:51'),
(5355, 2, '2012-03-16 16:53:51'),
(5356, 2, '2012-03-15 16:53:51'),
(5357, 2, '2012-03-14 16:53:51'),
(5358, 2, '2012-03-12 16:53:51'),
(5359, 2, '2012-03-13 16:53:51'),
(5360, 2, '2012-03-27 16:53:51'),
(5361, 2, '2012-04-02 16:53:51'),
(5362, 2, '2012-04-03 16:53:51'),
(5363, 2, '2012-04-05 16:53:51'),
(5364, 2, '2012-04-06 16:53:51'),
(5365, 2, '2012-04-07 16:53:51'),
(5366, 2, '2012-04-08 16:53:51'),
(5367, 2, '2012-04-01 16:53:51'),
(5368, 2, '2012-03-31 16:53:51'),
(5369, 2, '2012-03-30 16:53:51'),
(5370, 2, '2012-03-29 16:53:51'),
(5371, 2, '2012-03-26 16:53:51'),
(5372, 2, '2012-03-19 16:53:51'),
(5373, 2, '2012-03-21 16:53:51'),
(5374, 2, '2012-04-04 16:53:51'),
(5375, 2, '2012-03-23 16:53:51'),
(5376, 2, '2012-03-24 16:53:51'),
(5377, 2, '2012-03-25 16:53:51'),
(5378, 2, '2012-03-22 16:53:51'),
(5379, 2, '2012-03-20 16:53:51'),
(5380, 2, '2012-03-28 16:53:51'),
(5381, 2, '2012-04-16 16:53:51'),
(5382, 2, '2012-04-17 16:53:51'),
(5383, 2, '2012-04-19 16:53:51'),
(5384, 2, '2012-04-21 16:53:51'),
(5385, 2, '2012-04-22 16:53:51'),
(5386, 2, '2012-04-20 16:53:51'),
(5387, 2, '2012-04-18 16:53:51'),
(5388, 2, '2012-04-24 16:53:51'),
(5389, 2, '2012-04-23 16:53:52'),
(5390, 2, '2012-04-26 16:53:52'),
(5391, 2, '2012-04-27 16:53:52'),
(5392, 2, '2012-04-29 16:53:52'),
(5393, 2, '2012-04-28 16:53:52'),
(5394, 2, '2012-04-14 16:53:52'),
(5395, 2, '2012-04-15 16:53:52'),
(5396, 2, '2012-04-13 16:53:52'),
(5397, 2, '2012-04-12 16:53:52'),
(5398, 2, '2012-04-11 16:53:52'),
(5399, 2, '2012-04-10 16:53:52'),
(5400, 2, '2012-04-09 16:53:52'),
(5401, 2, '2012-04-25 16:53:52'),
(5402, 2, '2012-04-30 16:53:52'),
(5403, 2, '2012-05-02 16:53:52'),
(5404, 2, '2012-05-03 16:53:52'),
(5405, 2, '2012-05-06 16:53:52'),
(5406, 2, '2012-05-05 16:53:52'),
(5407, 2, '2012-05-04 16:53:52'),
(5408, 2, '2012-05-01 16:53:52'),
(5409, 2, '2012-05-07 16:53:52'),
(5410, 2, '2012-05-08 16:53:52'),
(5411, 2, '2012-05-09 16:53:52'),
(5412, 2, '2012-05-10 16:53:52'),
(5413, 2, '2012-05-13 16:53:52'),
(5414, 2, '2012-05-27 16:53:52'),
(5415, 2, '2012-05-20 16:53:52'),
(5416, 2, '2012-05-12 16:53:52'),
(5417, 2, '2012-05-11 16:53:52'),
(5418, 2, '2012-05-18 16:53:52'),
(5419, 2, '2012-05-17 16:53:52'),
(5420, 2, '2012-05-16 16:53:52'),
(5421, 2, '2012-05-15 16:53:52'),
(5422, 2, '2012-05-14 16:53:52'),
(5423, 2, '2012-05-28 16:53:52'),
(5424, 2, '2012-05-29 16:53:52'),
(5425, 2, '2012-05-30 16:53:52'),
(5426, 2, '2012-05-19 16:53:52'),
(5427, 2, '2012-06-02 16:53:52'),
(5428, 2, '2012-05-25 16:53:52'),
(5429, 2, '2012-05-22 16:53:52'),
(5430, 2, '2012-05-21 16:53:52'),
(5431, 2, '2012-05-24 16:53:52'),
(5432, 2, '2012-05-23 16:53:52'),
(5433, 2, '2012-05-26 16:53:52'),
(5434, 2, '2012-06-01 16:53:52'),
(5435, 2, '2012-05-31 16:53:52'),
(5436, 2, '2012-06-03 16:53:52'),
(5437, 2, '2012-06-10 16:53:52'),
(5438, 2, '2012-06-09 16:53:52'),
(5439, 2, '2012-06-08 16:53:52'),
(5440, 2, '2012-06-07 16:53:52'),
(5441, 2, '2012-06-06 16:53:52'),
(5442, 2, '2012-06-05 16:53:52'),
(5443, 2, '2012-06-04 16:53:52'),
(5444, 2, '2012-06-11 16:53:52'),
(5445, 2, '2012-06-13 16:53:52'),
(5446, 2, '2012-06-14 16:53:52'),
(5447, 2, '2012-06-16 16:53:52'),
(5448, 2, '2012-06-17 16:53:52'),
(5449, 2, '2012-06-24 16:53:52'),
(5450, 2, '2012-07-01 16:53:52'),
(5451, 2, '2012-07-08 16:53:52'),
(5452, 2, '2012-07-07 16:53:52'),
(5453, 2, '2012-07-05 16:53:52'),
(5454, 2, '2012-07-06 16:53:52'),
(5455, 2, '2012-07-02 16:53:52'),
(5456, 2, '2012-06-25 16:53:52'),
(5457, 2, '2012-06-18 16:53:52'),
(5458, 2, '2012-06-19 16:53:52'),
(5459, 2, '2012-06-12 16:53:53'),
(5460, 2, '2012-06-15 16:53:53'),
(5461, 2, '2012-06-23 16:53:53'),
(5462, 2, '2012-06-22 16:53:53'),
(5463, 2, '2012-06-21 16:53:53'),
(5464, 2, '2012-06-20 16:53:53'),
(5465, 2, '2012-06-27 16:53:53'),
(5466, 2, '2012-06-29 16:53:53'),
(5467, 2, '2012-06-30 16:53:53'),
(5468, 2, '2012-06-28 16:53:53'),
(5469, 2, '2012-07-04 16:53:53'),
(5470, 2, '2012-07-03 16:53:53'),
(5471, 2, '2012-06-26 16:53:53'),
(5472, 2, '2012-07-20 16:53:53'),
(5473, 2, '2012-07-27 16:53:53'),
(5474, 2, '2012-07-28 16:53:53'),
(5475, 2, '2012-07-29 16:53:53'),
(5476, 2, '2012-07-22 16:53:53'),
(5477, 2, '2012-07-15 16:53:53'),
(5478, 2, '2012-07-14 16:53:53'),
(5479, 2, '2012-07-13 16:53:53'),
(5480, 2, '2012-07-12 16:53:53'),
(5481, 2, '2012-07-11 16:53:53'),
(5482, 2, '2012-07-10 16:53:53'),
(5483, 2, '2012-07-09 16:53:53'),
(5484, 2, '2012-07-16 16:53:53'),
(5485, 2, '2012-07-17 16:53:53'),
(5486, 2, '2012-07-18 16:53:53'),
(5487, 2, '2012-07-19 16:53:53'),
(5488, 2, '2012-07-21 16:53:54'),
(5489, 2, '2012-07-23 16:53:54'),
(5490, 2, '2012-07-24 16:53:54'),
(5491, 2, '2012-07-26 16:53:54'),
(5492, 2, '2012-07-25 16:53:54'),
(5493, 2, '2012-08-01 16:53:54'),
(5494, 2, '2012-08-02 16:53:54'),
(5495, 2, '2012-08-03 16:53:54'),
(5496, 2, '2012-08-04 16:53:54'),
(5497, 2, '2012-07-31 16:53:54'),
(5498, 2, '2012-07-30 16:53:54'),
(5499, 2, '2012-08-05 16:53:54'),
(5500, 2, '2012-08-14 16:53:55'),
(5501, 2, '2012-08-30 16:53:55'),
(5502, 2, '2012-09-01 16:53:55'),
(5503, 2, '2012-09-02 16:53:55'),
(5504, 2, '2012-08-26 16:53:55'),
(5505, 2, '2012-08-19 16:53:55'),
(5506, 2, '2012-08-11 16:53:55'),
(5507, 2, '2012-08-07 16:53:55'),
(5508, 2, '2012-08-06 16:53:55'),
(5509, 2, '2012-08-13 16:53:55'),
(5510, 2, '2012-08-20 16:53:55'),
(5511, 2, '2012-08-10 16:53:55'),
(5512, 2, '2012-08-09 16:53:55'),
(5513, 2, '2012-08-08 16:53:55'),
(5514, 2, '2012-08-15 16:53:55'),
(5515, 2, '2012-08-16 16:53:55'),
(5516, 2, '2012-08-17 16:53:55'),
(5517, 2, '2012-08-12 16:53:55'),
(5518, 2, '2012-08-18 16:53:55'),
(5519, 2, '2012-08-25 16:53:55'),
(5520, 2, '2012-08-24 16:53:55'),
(5521, 2, '2012-08-22 16:53:55'),
(5522, 2, '2012-08-21 16:53:55'),
(5523, 2, '2012-08-23 16:53:55'),
(5524, 2, '2012-08-31 16:53:55'),
(5525, 2, '2012-09-07 16:53:55'),
(5526, 2, '2012-09-09 16:53:55'),
(5527, 2, '2012-09-08 16:53:55'),
(5528, 2, '2012-08-27 16:53:55'),
(5529, 2, '2012-08-28 16:53:55'),
(5530, 2, '2012-08-29 16:53:55'),
(5531, 2, '2012-09-06 16:53:55'),
(5532, 2, '2012-09-05 16:53:55'),
(5533, 2, '2012-09-04 16:53:55'),
(5534, 2, '2012-09-03 16:53:55'),
(5535, 2, '2012-09-23 16:53:55'),
(5536, 2, '2012-09-30 16:53:55'),
(5537, 2, '2012-10-07 16:53:55'),
(5538, 2, '2012-10-06 16:53:55'),
(5539, 2, '2012-10-05 16:53:55'),
(5540, 2, '2012-10-04 16:53:55'),
(5541, 2, '2012-10-02 16:53:55'),
(5542, 2, '2012-10-01 16:53:55'),
(5543, 2, '2012-09-24 16:53:55'),
(5544, 2, '2012-09-17 16:53:55'),
(5545, 2, '2012-09-10 16:53:55'),
(5546, 2, '2012-09-11 16:53:55'),
(5547, 2, '2012-09-14 16:53:55'),
(5548, 2, '2012-09-15 16:53:55'),
(5549, 2, '2012-09-16 16:53:55'),
(5550, 2, '2012-09-13 16:53:55'),
(5551, 2, '2012-09-12 16:53:55'),
(5552, 2, '2012-09-19 16:53:55'),
(5553, 2, '2012-09-26 16:53:55'),
(5554, 2, '2012-09-27 16:53:55'),
(5555, 2, '2012-09-28 16:53:55'),
(5556, 2, '2012-09-29 16:53:55'),
(5557, 2, '2012-09-22 16:53:56'),
(5558, 2, '2012-09-21 16:53:56'),
(5559, 2, '2012-09-20 16:53:56'),
(5560, 2, '2012-09-18 16:53:56'),
(5561, 2, '2012-09-25 16:53:56'),
(5562, 2, '2012-10-03 16:53:56'),
(5563, 2, '2012-10-08 16:53:56'),
(5564, 2, '2012-10-09 16:53:56'),
(5565, 2, '2012-10-10 16:53:56'),
(5566, 2, '2012-10-11 16:53:56'),
(5567, 2, '2012-10-12 16:53:56'),
(5568, 2, '2012-10-13 16:53:56'),
(5569, 2, '2012-10-14 16:53:56'),
(5570, 2, '2012-10-21 16:53:56'),
(5571, 2, '2012-10-20 16:53:56'),
(5572, 2, '2012-10-19 16:53:56'),
(5573, 2, '2012-10-18 16:53:56'),
(5574, 2, '2012-10-16 16:53:56'),
(5575, 2, '2012-10-15 16:53:56'),
(5576, 2, '2012-10-17 16:53:56'),
(5577, 2, '2012-10-24 16:53:56'),
(5578, 2, '2012-11-01 16:53:56'),
(5579, 2, '2012-11-03 16:53:56'),
(5580, 2, '2012-11-04 16:53:56'),
(5581, 2, '2012-10-28 16:53:56'),
(5582, 2, '2012-10-27 16:53:56'),
(5583, 2, '2012-10-26 16:53:56'),
(5584, 2, '2012-10-25 16:53:56'),
(5585, 2, '2012-10-23 16:53:56'),
(5586, 2, '2012-10-22 16:53:56'),
(5587, 2, '2012-10-29 16:53:56'),
(5588, 2, '2012-10-30 16:53:56'),
(5589, 2, '2012-10-31 16:53:56'),
(5590, 2, '2012-11-02 16:53:56'),
(5591, 2, '2012-11-09 16:53:56'),
(5592, 2, '2012-11-10 16:53:56'),
(5593, 2, '2012-11-11 16:53:56'),
(5594, 2, '2012-11-05 16:53:56'),
(5595, 2, '2012-11-06 16:53:56'),
(5596, 2, '2012-11-07 16:53:56'),
(5597, 2, '2012-11-08 16:53:56'),
(5598, 2, '2012-11-25 16:53:56'),
(5599, 2, '2012-12-09 16:53:56'),
(5600, 2, '2012-12-02 16:53:56'),
(5601, 2, '2012-11-18 16:53:56'),
(5602, 2, '2012-11-17 16:53:56'),
(5603, 2, '2012-11-16 16:53:56'),
(5604, 2, '2012-11-14 16:53:56'),
(5605, 2, '2012-11-13 16:53:56'),
(5606, 2, '2012-11-12 16:53:56'),
(5607, 2, '2012-11-19 16:53:56'),
(5608, 2, '2012-11-20 16:53:56'),
(5609, 2, '2012-11-21 16:53:56'),
(5610, 2, '2012-11-22 16:53:56'),
(5611, 2, '2012-11-24 16:53:56'),
(5612, 2, '2012-11-23 16:53:56'),
(5613, 2, '2012-11-15 16:53:56'),
(5614, 2, '2012-11-26 16:53:56'),
(5615, 2, '2012-11-27 16:53:56'),
(5616, 2, '2012-11-28 16:53:56'),
(5617, 2, '2012-11-29 16:53:56'),
(5618, 2, '2012-11-30 16:53:56'),
(5619, 2, '2012-12-01 16:53:56'),
(5620, 2, '2012-12-08 16:53:56'),
(5621, 2, '2012-12-07 16:53:56'),
(5622, 2, '2012-12-05 16:53:56'),
(5623, 2, '2012-12-04 16:53:56'),
(5624, 2, '2012-12-03 16:53:56'),
(5625, 2, '2012-12-06 16:53:56'),
(5626, 2, '2012-12-10 16:53:56'),
(5627, 2, '2012-12-11 16:53:56'),
(5628, 2, '2012-12-12 16:53:56'),
(5629, 2, '2012-12-13 16:53:56'),
(5630, 2, '2012-12-14 16:53:56'),
(6069, 3, '2011-12-27 17:54:19'),
(6070, 3, '2012-01-03 17:54:19'),
(6071, 3, '2012-01-04 17:54:19'),
(6072, 3, '2011-12-28 17:54:20'),
(6073, 3, '2011-12-26 17:54:20'),
(6074, 3, '2012-01-02 17:54:20'),
(6075, 3, '2012-01-05 17:54:20'),
(6076, 3, '2011-12-29 17:54:20'),
(6077, 3, '2012-01-06 17:54:20'),
(6078, 3, '2012-01-07 17:54:20'),
(6079, 3, '2011-12-30 17:54:20'),
(6080, 3, '2011-12-31 17:54:20'),
(6081, 3, '2012-01-01 17:54:20'),
(6082, 3, '2012-01-08 17:54:20'),
(6083, 3, '2012-01-15 17:54:20'),
(6084, 3, '2012-01-14 17:54:20'),
(6085, 3, '2012-01-13 17:54:20'),
(6086, 3, '2012-01-11 17:54:20'),
(6087, 3, '2012-01-12 17:54:20'),
(6088, 3, '2012-01-10 17:54:21'),
(6089, 3, '2012-01-09 17:54:21'),
(6090, 3, '2012-01-16 17:54:21'),
(6091, 3, '2012-01-17 17:54:21'),
(6092, 3, '2012-01-18 17:54:21'),
(6093, 3, '2012-01-19 17:54:21'),
(6094, 3, '2012-01-20 17:54:21'),
(6095, 3, '2012-01-22 17:54:21'),
(6096, 3, '2012-01-21 17:54:21'),
(6097, 3, '2012-01-29 17:54:21'),
(6098, 3, '2012-01-28 17:54:21'),
(6099, 3, '2012-01-27 17:54:21'),
(6100, 3, '2012-01-26 17:54:21'),
(6101, 3, '2012-01-24 17:54:21'),
(6102, 3, '2012-01-25 17:54:21'),
(6103, 3, '2012-01-23 17:54:21'),
(6104, 3, '2012-01-30 17:54:21'),
(6105, 3, '2012-01-31 17:54:21'),
(6106, 3, '2012-02-01 17:54:21'),
(6107, 3, '2012-02-03 17:54:21'),
(6108, 3, '2012-02-05 17:54:21'),
(6109, 3, '2012-02-04 17:54:21'),
(6110, 3, '2012-02-02 17:54:21'),
(6111, 3, '2012-02-06 17:54:21'),
(6112, 3, '2012-02-08 17:54:21'),
(6113, 3, '2012-02-07 17:54:21'),
(6114, 3, '2012-02-09 17:54:21'),
(6115, 3, '2012-02-10 17:54:21'),
(6116, 3, '2012-02-12 17:54:21'),
(6117, 3, '2012-02-11 17:54:21'),
(6118, 3, '2012-02-19 17:54:21'),
(6119, 3, '2012-02-18 17:54:21'),
(6120, 3, '2012-02-17 17:54:21'),
(6121, 3, '2012-02-16 17:54:21'),
(6122, 3, '2012-02-15 17:54:21'),
(6123, 3, '2012-02-14 17:54:21'),
(6124, 3, '2012-02-13 17:54:21'),
(6125, 3, '2012-02-24 17:54:21'),
(6126, 3, '2012-02-25 17:54:21'),
(6127, 3, '2012-02-26 17:54:21'),
(6128, 3, '2012-02-29 17:54:21'),
(6129, 3, '2012-03-10 17:54:21'),
(6130, 3, '2012-03-11 17:54:21'),
(6131, 3, '2012-03-13 17:54:21'),
(6132, 3, '2012-03-14 17:54:21'),
(6133, 3, '2012-03-15 17:54:21'),
(6134, 3, '2012-03-23 17:54:22'),
(6135, 3, '2012-03-01 17:54:22'),
(6136, 3, '2012-02-28 17:54:22'),
(6137, 3, '2012-03-27 17:54:22'),
(6138, 3, '2012-03-09 17:54:22'),
(6139, 3, '2012-03-08 17:54:22'),
(6140, 3, '2012-03-30 17:54:22'),
(6141, 3, '2012-03-24 17:54:22'),
(6142, 3, '2012-03-25 17:54:22'),
(6143, 3, '2012-03-29 17:54:22'),
(6144, 3, '2012-03-28 17:54:22'),
(6145, 3, '2012-03-26 17:54:22'),
(6146, 3, '2012-03-31 17:54:22'),
(6147, 3, '2012-04-01 17:54:22'),
(6148, 3, '2012-03-12 17:54:22'),
(6149, 3, '2012-04-05 17:54:22'),
(6150, 3, '2012-04-04 17:54:22'),
(6151, 3, '2012-04-03 17:54:22'),
(6152, 3, '2012-04-02 17:54:22'),
(6153, 3, '2012-04-06 17:54:22'),
(6154, 3, '2012-03-04 17:54:22'),
(6155, 3, '2012-03-03 17:54:22'),
(6156, 3, '2012-03-02 17:54:22'),
(6157, 3, '2012-03-07 17:54:22'),
(6158, 3, '2012-03-06 17:54:22'),
(6159, 3, '2012-03-05 17:54:22'),
(6160, 3, '2012-02-27 17:54:22'),
(6161, 3, '2012-02-20 17:54:22'),
(6162, 3, '2012-02-21 17:54:22'),
(6163, 3, '2012-02-23 17:54:22'),
(6164, 3, '2012-02-22 17:54:22'),
(6165, 3, '2012-03-21 17:54:22'),
(6166, 3, '2012-03-22 17:54:22'),
(6167, 3, '2012-03-17 17:54:22'),
(6168, 3, '2012-03-18 17:54:22'),
(6169, 3, '2012-03-16 17:54:23'),
(6170, 3, '2012-03-20 17:54:23'),
(6171, 3, '2012-03-19 17:54:23'),
(6172, 3, '2012-04-07 17:54:23'),
(6173, 3, '2012-04-08 17:54:23'),
(6174, 3, '2012-05-05 17:54:23'),
(6175, 3, '2012-05-03 17:54:23'),
(6176, 3, '2012-05-02 17:54:23'),
(6177, 3, '2012-05-01 17:54:23'),
(6178, 3, '2012-04-30 17:54:23'),
(6179, 3, '2012-04-23 17:54:23'),
(6180, 3, '2012-04-16 17:54:23'),
(6181, 3, '2012-04-09 17:54:23'),
(6182, 3, '2012-04-10 17:54:23'),
(6183, 3, '2012-04-11 17:54:23'),
(6184, 3, '2012-04-12 17:54:23'),
(6185, 3, '2012-04-13 17:54:23'),
(6186, 3, '2012-04-14 17:54:23'),
(6187, 3, '2012-04-15 17:54:23'),
(6188, 3, '2012-04-22 17:54:23'),
(6189, 3, '2012-04-21 17:54:23'),
(6190, 3, '2012-04-19 17:54:23'),
(6191, 3, '2012-04-18 17:54:23'),
(6192, 3, '2012-04-17 17:54:23'),
(6193, 3, '2012-04-24 17:54:23'),
(6194, 3, '2012-04-25 17:54:23'),
(6195, 3, '2012-04-26 17:54:23'),
(6196, 3, '2012-04-27 17:54:23'),
(6197, 3, '2012-04-28 17:54:23'),
(6198, 3, '2012-04-29 17:54:23'),
(6199, 3, '2012-04-20 17:54:23'),
(6200, 3, '2012-05-04 17:54:23'),
(6201, 3, '2012-05-20 17:54:23'),
(6202, 3, '2012-05-27 17:54:23'),
(6203, 3, '2012-05-13 17:54:23'),
(6204, 3, '2012-05-06 17:54:23'),
(6205, 3, '2012-05-12 17:54:23'),
(6206, 3, '2012-05-08 17:54:23'),
(6207, 3, '2012-05-07 17:54:23'),
(6208, 3, '2012-05-14 17:54:23'),
(6209, 3, '2012-05-21 17:54:23'),
(6210, 3, '2012-05-22 17:54:23'),
(6211, 3, '2012-05-23 17:54:23'),
(6212, 3, '2012-05-24 17:54:23'),
(6213, 3, '2012-05-25 17:54:23'),
(6214, 3, '2012-05-26 17:54:23'),
(6215, 3, '2012-05-19 17:54:23'),
(6216, 3, '2012-05-18 17:54:23'),
(6217, 3, '2012-05-16 17:54:23'),
(6218, 3, '2012-05-15 17:54:23'),
(6219, 3, '2012-05-31 17:54:23'),
(6220, 3, '2012-06-09 17:54:23'),
(6221, 3, '2012-06-10 17:54:23'),
(6222, 3, '2012-06-07 17:54:23'),
(6223, 3, '2012-06-06 17:54:23'),
(6224, 3, '2012-06-05 17:54:23'),
(6225, 3, '2012-06-04 17:54:23'),
(6226, 3, '2012-05-28 17:54:23'),
(6227, 3, '2012-05-29 17:54:23'),
(6228, 3, '2012-05-30 17:54:23'),
(6229, 3, '2012-06-08 17:54:23'),
(6230, 3, '2012-06-17 17:54:23'),
(6231, 3, '2012-06-24 17:54:23'),
(6232, 3, '2012-07-01 17:54:23'),
(6233, 3, '2012-07-08 17:54:23'),
(6234, 3, '2012-07-07 17:54:23'),
(6235, 3, '2012-07-06 17:54:23'),
(6236, 3, '2012-07-05 17:54:23'),
(6237, 3, '2012-07-04 17:54:23'),
(6238, 3, '2012-07-03 17:54:23'),
(6239, 3, '2012-07-02 17:54:23'),
(6240, 3, '2012-06-25 17:54:23'),
(6241, 3, '2012-06-18 17:54:23'),
(6242, 3, '2012-06-11 17:54:23'),
(6243, 3, '2012-06-12 17:54:23'),
(6244, 3, '2012-06-13 17:54:23'),
(6245, 3, '2012-06-14 17:54:23'),
(6246, 3, '2012-06-15 17:54:23'),
(6247, 3, '2012-06-16 17:54:23'),
(6248, 3, '2012-06-23 17:54:23'),
(6249, 3, '2012-06-30 17:54:23'),
(6250, 3, '2012-06-29 17:54:23'),
(6251, 3, '2012-06-28 17:54:23'),
(6252, 3, '2012-06-27 17:54:23'),
(6253, 3, '2012-06-26 17:54:24'),
(6254, 3, '2012-06-19 17:54:24'),
(6255, 3, '2012-06-20 17:54:24'),
(6256, 3, '2012-06-21 17:54:24'),
(6257, 3, '2012-06-22 17:54:24'),
(6258, 3, '2012-07-15 17:54:24'),
(6259, 3, '2012-07-22 17:54:24'),
(6260, 3, '2012-07-29 17:54:24'),
(6261, 3, '2012-08-05 17:54:24'),
(6262, 3, '2012-07-09 17:54:24'),
(6263, 3, '2012-07-16 17:54:24'),
(6264, 3, '2012-07-30 17:54:24'),
(6265, 3, '2012-07-23 17:54:24'),
(6266, 3, '2012-07-24 17:54:24'),
(6267, 3, '2012-07-26 17:54:24'),
(6268, 3, '2012-07-27 17:54:24'),
(6269, 3, '2012-07-28 17:54:24'),
(6270, 3, '2012-07-21 17:54:24'),
(6271, 3, '2012-07-14 17:54:24'),
(6272, 3, '2012-07-12 17:54:24'),
(6273, 3, '2012-07-11 17:54:24'),
(6274, 3, '2012-07-10 17:54:24'),
(6275, 3, '2012-07-17 17:54:24'),
(6276, 3, '2012-07-18 17:54:24'),
(6277, 3, '2012-07-19 17:54:24'),
(6278, 3, '2012-07-20 17:54:24'),
(6279, 3, '2012-07-13 17:54:24'),
(6280, 3, '2012-07-25 17:54:24'),
(6281, 3, '2012-07-31 17:54:25'),
(6282, 3, '2012-08-01 17:54:25'),
(6283, 3, '2012-08-02 17:54:25'),
(6284, 3, '2012-08-04 17:54:25'),
(6285, 3, '2012-08-03 17:54:25'),
(6286, 3, '2012-08-12 17:54:25'),
(6287, 3, '2012-08-11 17:54:25'),
(6288, 3, '2012-08-10 17:54:25'),
(6289, 3, '2012-08-09 17:54:25'),
(6290, 3, '2012-08-08 17:54:25'),
(6291, 3, '2012-08-07 17:54:25'),
(6292, 3, '2012-08-06 17:54:25'),
(6293, 3, '2012-08-13 17:54:25'),
(6294, 3, '2012-08-21 17:54:25'),
(6295, 3, '2012-08-29 17:54:25'),
(6296, 3, '2012-08-31 17:54:25'),
(6297, 3, '2012-09-01 17:54:25'),
(6298, 3, '2012-09-02 17:54:25'),
(6299, 3, '2012-08-26 17:54:25'),
(6300, 3, '2012-08-19 17:54:25'),
(6301, 3, '2012-08-18 17:54:25'),
(6302, 3, '2012-08-17 17:54:25'),
(6303, 3, '2012-08-16 17:54:25'),
(6304, 3, '2012-08-15 17:54:25'),
(6305, 3, '2012-08-14 17:54:25'),
(6306, 3, '2012-08-20 17:54:25'),
(6307, 3, '2012-08-27 17:54:25'),
(6308, 3, '2012-08-28 17:54:25'),
(6309, 3, '2012-08-30 17:54:25'),
(6310, 3, '2012-08-23 17:54:25'),
(6311, 3, '2012-08-22 17:54:26'),
(6312, 3, '2012-08-24 17:54:26'),
(6313, 3, '2012-08-25 17:54:26'),
(6314, 3, '2012-09-08 17:54:26'),
(6315, 3, '2012-09-07 17:54:26'),
(6316, 3, '2012-09-06 17:54:26'),
(6317, 3, '2012-09-05 17:54:26'),
(6318, 3, '2012-09-04 17:54:26'),
(6319, 3, '2012-09-03 17:54:26'),
(6320, 3, '2012-09-09 17:54:27'),
(6321, 3, '2012-09-16 17:54:27'),
(6322, 3, '2012-09-15 17:54:28'),
(6323, 3, '2012-09-14 17:54:28'),
(6324, 3, '2012-09-11 17:54:28'),
(6325, 3, '2012-09-19 17:54:29'),
(6326, 3, '2012-09-27 17:54:29'),
(6327, 3, '2012-09-28 17:54:29'),
(6328, 3, '2012-09-29 17:54:29'),
(6329, 3, '2012-09-30 17:54:29'),
(6330, 3, '2012-09-23 17:54:30'),
(6331, 3, '2012-09-22 17:54:30'),
(6332, 3, '2012-09-20 17:54:30'),
(6333, 3, '2012-09-21 17:54:30'),
(6334, 3, '2012-09-13 17:54:30'),
(6335, 3, '2012-09-12 17:54:30'),
(6336, 3, '2012-09-10 17:54:30'),
(6337, 3, '2012-09-17 17:54:30'),
(6338, 3, '2012-09-18 17:54:30'),
(6339, 3, '2012-10-02 17:54:30'),
(6340, 3, '2012-10-01 17:54:30'),
(6341, 3, '2012-09-24 17:54:30'),
(6342, 3, '2012-09-25 17:54:30'),
(6343, 3, '2012-09-26 17:54:30'),
(6344, 3, '2012-10-03 17:54:30'),
(6345, 3, '2012-10-04 17:54:30'),
(6346, 3, '2012-10-05 17:54:30'),
(6347, 3, '2012-10-06 17:54:30'),
(6348, 3, '2012-10-07 17:54:30'),
(6349, 3, '2012-10-08 17:54:30'),
(6350, 3, '2012-10-09 17:54:30'),
(6351, 3, '2012-10-10 17:54:30'),
(6352, 3, '2012-10-11 17:54:30'),
(6353, 3, '2012-10-12 17:54:30'),
(6354, 3, '2012-10-13 17:54:30'),
(6355, 3, '2012-10-14 17:54:30'),
(6356, 3, '2012-10-21 17:54:30'),
(6357, 3, '2012-11-04 17:54:30'),
(6358, 3, '2012-11-10 17:54:30'),
(6359, 3, '2012-11-07 17:54:30'),
(6360, 3, '2012-11-05 17:54:30'),
(6361, 3, '2012-11-06 17:54:30'),
(6362, 3, '2012-10-30 17:54:30'),
(6363, 3, '2012-10-29 17:54:30'),
(6364, 3, '2012-10-22 17:54:30'),
(6365, 3, '2012-10-15 17:54:30'),
(6366, 3, '2012-10-16 17:54:30'),
(6367, 3, '2012-10-18 17:54:30'),
(6368, 3, '2012-10-19 17:54:30'),
(6369, 3, '2012-10-20 17:54:30'),
(6370, 3, '2012-10-27 17:54:30'),
(6371, 3, '2012-11-03 17:54:30'),
(6372, 3, '2012-11-02 17:54:30'),
(6373, 3, '2012-11-01 17:54:30'),
(6374, 3, '2012-10-31 17:54:30'),
(6375, 3, '2012-10-24 17:54:31'),
(6376, 3, '2012-10-17 17:54:31'),
(6377, 3, '2012-10-23 17:54:31'),
(6378, 3, '2012-10-26 17:54:31'),
(6379, 3, '2012-10-25 17:54:31'),
(6380, 3, '2012-10-28 17:54:31'),
(6381, 3, '2012-11-11 17:54:31'),
(6382, 3, '2012-11-09 17:54:31'),
(6383, 3, '2012-11-08 17:54:31'),
(6384, 3, '2012-11-18 17:54:31'),
(6385, 3, '2012-11-17 17:54:31'),
(6386, 3, '2012-11-15 17:54:31'),
(6387, 3, '2012-11-14 17:54:31'),
(6388, 3, '2012-11-13 17:54:31'),
(6389, 3, '2012-11-12 17:54:31'),
(6390, 3, '2012-11-16 17:54:31'),
(6391, 3, '2012-11-23 17:54:31'),
(6392, 3, '2012-11-30 17:54:31'),
(6393, 3, '2012-12-07 17:54:31'),
(6394, 3, '2012-12-08 17:54:31'),
(6395, 3, '2012-12-09 17:54:31'),
(6396, 3, '2012-12-02 17:54:31'),
(6397, 3, '2012-11-25 17:54:31'),
(6398, 3, '2012-11-24 17:54:31'),
(6399, 3, '2012-12-01 17:54:31'),
(6400, 3, '2012-12-06 17:54:31'),
(6401, 3, '2012-11-29 17:54:31'),
(6402, 3, '2012-11-22 17:54:31'),
(6403, 3, '2012-11-21 17:54:31'),
(6404, 3, '2012-11-20 17:54:31'),
(6405, 3, '2012-11-19 17:54:31'),
(6406, 3, '2012-11-26 17:54:31'),
(6407, 3, '2012-12-03 17:54:31'),
(6408, 3, '2012-12-04 17:54:31'),
(6409, 3, '2012-12-05 17:54:31'),
(6410, 3, '2012-11-28 17:54:31'),
(6411, 3, '2012-11-27 17:54:31'),
(6412, 3, '2012-05-17 17:54:31'),
(6413, 3, '2012-05-10 17:54:31'),
(6414, 3, '2012-05-11 17:54:31'),
(6415, 3, '2012-05-09 17:54:31'),
(6416, 3, '2012-12-10 17:54:31'),
(6417, 3, '2012-12-11 17:54:31'),
(6418, 3, '2012-12-12 17:54:31'),
(6419, 3, '2012-12-13 17:54:31'),
(6420, 3, '2012-12-14 17:54:31'),
(6421, 3, '2012-12-15 17:54:31'),
(6422, 3, '2012-12-16 17:54:31'),
(6423, 3, '2013-01-06 17:54:31'),
(6424, 3, '2013-01-04 17:54:31'),
(6425, 3, '2013-01-02 17:54:31'),
(6426, 3, '2013-01-01 17:54:31'),
(6427, 3, '2012-12-31 17:54:31'),
(6428, 3, '2012-12-17 17:54:31'),
(6429, 3, '2012-12-24 17:54:31'),
(6430, 3, '2013-01-05 17:54:31'),
(6431, 3, '2013-01-03 17:54:31'),
(6432, 3, '2012-12-27 17:54:31'),
(6433, 3, '2012-12-20 17:54:31'),
(6434, 3, '2012-12-18 17:54:31'),
(6435, 3, '2012-12-19 17:54:31'),
(6436, 3, '2012-12-26 17:54:31'),
(6437, 3, '2012-12-25 17:54:31'),
(6438, 3, '2012-12-23 17:54:31'),
(6439, 3, '2012-12-30 17:54:31'),
(6440, 3, '2012-12-29 17:54:31'),
(6441, 3, '2012-12-28 17:54:31'),
(6442, 3, '2012-12-21 17:54:31'),
(6443, 3, '2012-12-22 17:54:31'),
(6444, 3, '2013-01-13 17:54:31'),
(6445, 3, '2013-01-12 17:54:31'),
(6446, 3, '2013-01-11 17:54:31'),
(6447, 3, '2013-01-10 17:54:31'),
(6448, 3, '2013-01-09 17:54:31'),
(6449, 3, '2013-01-07 17:54:31'),
(6450, 3, '2013-01-08 17:54:31'),
(6451, 3, '2013-01-15 17:54:31'),
(6452, 3, '2013-01-29 17:54:31'),
(6453, 3, '2013-01-31 17:54:31'),
(6454, 3, '2013-01-24 17:54:31'),
(6455, 3, '2013-01-26 17:54:31'),
(6456, 3, '2013-01-27 17:54:31'),
(6457, 3, '2013-02-10 17:54:31'),
(6458, 3, '2013-02-08 17:54:31'),
(6459, 3, '2013-02-04 17:54:31'),
(6460, 3, '2013-01-21 17:54:31'),
(6461, 3, '2013-01-14 17:54:31'),
(6462, 3, '2013-01-17 17:54:31'),
(6463, 3, '2013-01-18 17:54:31'),
(6464, 3, '2013-01-19 17:54:32'),
(6465, 3, '2013-01-20 17:54:32'),
(6466, 3, '2013-01-16 17:54:32'),
(6467, 3, '2013-01-23 17:54:32'),
(6468, 3, '2013-01-22 17:54:32'),
(6469, 3, '2013-01-28 17:54:32'),
(6470, 3, '2013-02-05 17:54:32'),
(6471, 3, '2013-01-30 17:54:32'),
(6472, 3, '2013-01-25 17:54:32'),
(6473, 3, '2013-02-01 17:54:32'),
(6474, 3, '2013-02-02 17:54:32'),
(6475, 3, '2013-02-03 17:54:32'),
(6476, 3, '2013-02-09 17:54:32'),
(6477, 3, '2013-02-07 17:54:32'),
(6478, 3, '2013-02-06 17:54:32'),
(6479, 3, '2013-02-11 17:54:32'),
(6480, 3, '2013-02-18 17:54:32'),
(6481, 3, '2013-02-19 17:54:32'),
(6482, 3, '2013-02-20 17:54:32'),
(6483, 3, '2013-02-21 17:54:33'),
(6484, 3, '2013-02-22 17:54:33'),
(6485, 3, '2013-02-23 17:54:33'),
(6486, 3, '2013-02-17 17:54:33'),
(6487, 3, '2013-02-15 17:54:33'),
(6488, 3, '2013-02-12 17:54:33'),
(6489, 3, '2013-02-13 17:54:33'),
(6490, 3, '2013-02-14 17:54:33'),
(6491, 3, '2013-02-16 17:54:33'),
(6492, 3, '2013-03-03 17:54:33'),
(6493, 3, '2013-02-24 17:54:33'),
(6494, 3, '2013-02-25 17:54:33'),
(6495, 3, '2013-02-26 17:54:33'),
(6496, 3, '2013-02-27 17:54:33'),
(6497, 3, '2013-02-28 17:54:33'),
(6498, 3, '2013-03-01 17:54:34'),
(6499, 3, '2013-03-02 17:54:34'),
(6500, 3, '2013-03-10 17:54:34'),
(6501, 3, '2013-03-04 17:54:34'),
(6502, 3, '2013-03-05 17:54:34'),
(6503, 3, '2013-03-07 17:54:34'),
(6504, 3, '2013-03-08 17:54:34'),
(6505, 3, '2013-03-09 17:54:34'),
(6506, 3, '2013-03-06 17:54:34'),
(6507, 5, '2012-01-30 17:59:20'),
(6508, 5, '2012-01-31 17:59:20'),
(6509, 5, '2012-02-09 17:59:20'),
(6510, 5, '2012-02-01 17:59:20'),
(6511, 5, '2012-02-02 17:59:20'),
(6512, 5, '2012-02-04 17:59:21'),
(6513, 5, '2012-02-12 17:59:21'),
(6514, 5, '2012-02-05 17:59:21'),
(6515, 5, '2012-02-03 17:59:21'),
(6516, 5, '2012-02-10 17:59:21'),
(6517, 5, '2012-02-18 17:59:21'),
(6518, 5, '2012-02-11 17:59:21'),
(6519, 5, '2012-02-08 17:59:21'),
(6520, 5, '2012-02-07 17:59:22'),
(6521, 5, '2012-02-06 17:59:22'),
(6522, 5, '2012-02-21 17:59:22'),
(6523, 5, '2012-02-20 17:59:22'),
(6524, 5, '2012-02-13 17:59:22'),
(6525, 5, '2012-02-14 17:59:22'),
(6526, 5, '2012-02-15 17:59:22'),
(6527, 5, '2012-02-16 17:59:22'),
(6528, 5, '2012-02-17 17:59:22'),
(6529, 5, '2012-02-19 17:59:22'),
(6530, 5, '2012-02-26 17:59:22'),
(6531, 5, '2012-02-27 17:59:22'),
(6532, 5, '2012-02-28 17:59:22'),
(6533, 5, '2012-02-22 17:59:22'),
(6534, 5, '2012-02-23 17:59:22'),
(6535, 5, '2012-02-25 17:59:22'),
(6536, 5, '2012-02-24 17:59:22'),
(6537, 5, '2012-03-01 17:59:22'),
(6538, 5, '2012-03-02 17:59:22'),
(6539, 5, '2012-03-03 17:59:22'),
(6540, 5, '2012-03-04 17:59:22'),
(6541, 5, '2012-03-18 17:59:22'),
(6542, 5, '2012-03-09 17:59:22'),
(6543, 5, '2012-02-29 17:59:22'),
(6544, 5, '2012-03-05 17:59:22'),
(6545, 5, '2012-03-06 17:59:22'),
(6546, 5, '2012-03-07 17:59:22'),
(6547, 5, '2012-03-08 17:59:22'),
(6548, 5, '2012-03-10 17:59:22'),
(6549, 5, '2012-03-11 17:59:22'),
(6550, 5, '2012-03-12 17:59:22'),
(6551, 5, '2012-03-13 17:59:22'),
(6552, 5, '2012-03-29 17:59:22'),
(6553, 5, '2012-03-22 17:59:22'),
(6554, 5, '2012-03-15 17:59:22'),
(6555, 5, '2012-03-17 17:59:22'),
(6556, 5, '2012-03-16 17:59:22'),
(6557, 5, '2012-03-14 17:59:22'),
(6558, 5, '2012-03-21 17:59:22'),
(6559, 5, '2012-03-20 17:59:22'),
(6560, 5, '2012-03-19 17:59:22'),
(6561, 5, '2012-03-26 17:59:22'),
(6562, 5, '2012-03-27 17:59:22'),
(6563, 5, '2012-03-28 17:59:22'),
(6564, 5, '2012-03-25 17:59:22'),
(6565, 5, '2012-03-24 17:59:22'),
(6566, 5, '2012-03-31 17:59:22'),
(6567, 5, '2012-04-01 17:59:22'),
(6568, 5, '2012-03-23 17:59:22'),
(6569, 5, '2012-03-30 17:59:22'),
(6570, 5, '2012-04-07 17:59:22'),
(6571, 5, '2012-04-08 17:59:22'),
(6572, 5, '2012-04-05 17:59:22'),
(6573, 5, '2012-04-06 17:59:22'),
(6574, 5, '2012-04-03 17:59:22'),
(6575, 5, '2012-04-04 17:59:22'),
(6576, 5, '2012-04-02 17:59:22'),
(6577, 5, '2012-04-26 17:59:22'),
(6578, 5, '2012-04-25 17:59:22'),
(6579, 5, '2012-04-17 17:59:22'),
(6580, 5, '2012-04-10 17:59:22'),
(6581, 5, '2012-04-11 17:59:22'),
(6582, 5, '2012-04-12 17:59:22'),
(6583, 5, '2012-04-13 17:59:22'),
(6584, 5, '2012-04-14 17:59:22'),
(6585, 5, '2012-04-15 17:59:22'),
(6586, 5, '2012-04-22 17:59:22'),
(6587, 5, '2012-04-21 17:59:22'),
(6588, 5, '2012-04-19 17:59:22'),
(6589, 5, '2012-04-18 17:59:22'),
(6590, 5, '2012-04-16 17:59:22'),
(6591, 5, '2012-04-09 17:59:22'),
(6592, 5, '2012-04-20 17:59:22'),
(6593, 5, '2012-04-27 17:59:22'),
(6594, 5, '2012-05-04 17:59:22'),
(6595, 5, '2012-05-03 17:59:22'),
(6596, 5, '2012-05-02 17:59:22'),
(6597, 5, '2012-05-01 17:59:22'),
(6598, 5, '2012-04-24 17:59:22'),
(6599, 5, '2012-04-29 17:59:22'),
(6600, 5, '2012-05-06 17:59:22'),
(6601, 5, '2012-05-05 17:59:22'),
(6602, 5, '2012-04-28 17:59:22'),
(6603, 5, '2012-04-30 17:59:22'),
(6604, 5, '2012-04-23 17:59:23'),
(6605, 5, '2012-05-09 17:59:23'),
(6606, 5, '2012-05-16 17:59:23'),
(6607, 5, '2012-05-15 17:59:23'),
(6608, 5, '2012-05-07 17:59:23'),
(6609, 5, '2012-05-08 17:59:23'),
(6610, 5, '2012-05-10 17:59:23'),
(6611, 5, '2012-05-12 17:59:23'),
(6612, 5, '2012-05-11 17:59:23'),
(6613, 5, '2012-05-13 17:59:23'),
(6614, 5, '2012-05-20 17:59:23'),
(6615, 5, '2012-05-19 17:59:23'),
(6616, 5, '2012-05-18 17:59:23'),
(6617, 5, '2012-05-17 17:59:23'),
(6618, 5, '2012-05-14 17:59:23'),
(6619, 5, '2012-05-21 17:59:23'),
(6620, 5, '2012-05-22 17:59:23'),
(6621, 5, '2012-05-23 17:59:23'),
(6622, 5, '2012-05-24 17:59:23'),
(6623, 5, '2012-05-25 17:59:23'),
(6624, 5, '2012-05-26 17:59:23'),
(6625, 5, '2012-05-27 17:59:23'),
(6626, 5, '2012-06-03 17:59:23'),
(6627, 5, '2012-06-10 17:59:23'),
(6628, 5, '2012-06-09 17:59:23'),
(6629, 5, '2012-06-07 17:59:23'),
(6630, 5, '2012-06-06 17:59:23'),
(6631, 5, '2012-06-05 17:59:23'),
(6632, 5, '2012-06-04 17:59:23'),
(6633, 5, '2012-05-28 17:59:23'),
(6634, 5, '2012-05-29 17:59:24'),
(6635, 5, '2012-05-30 17:59:24'),
(6636, 5, '2012-06-02 17:59:24'),
(6637, 5, '2012-05-31 17:59:24'),
(6638, 5, '2012-06-01 17:59:24'),
(6639, 5, '2012-06-08 17:59:24'),
(6640, 5, '2012-06-16 17:59:24'),
(6641, 5, '2012-07-08 17:59:24'),
(6642, 5, '2012-07-01 17:59:24'),
(6643, 5, '2012-06-24 17:59:24'),
(6644, 5, '2012-06-17 17:59:24'),
(6645, 5, '2012-06-12 17:59:24'),
(6646, 5, '2012-06-19 17:59:24'),
(6647, 5, '2012-06-26 17:59:24'),
(6648, 5, '2012-06-28 17:59:24'),
(6649, 5, '2012-07-06 17:59:24'),
(6650, 5, '2012-07-07 17:59:24'),
(6651, 5, '2012-06-30 17:59:25'),
(6652, 5, '2012-06-22 17:59:25'),
(6653, 5, '2012-06-15 17:59:25'),
(6654, 5, '2012-06-14 17:59:25'),
(6655, 5, '2012-06-13 17:59:25'),
(6656, 5, '2012-06-20 17:59:25'),
(6657, 5, '2012-06-21 17:59:25'),
(6658, 5, '2012-06-23 17:59:25'),
(6659, 5, '2012-06-29 17:59:25'),
(6660, 5, '2012-06-27 17:59:25'),
(6661, 5, '2012-06-18 17:59:25'),
(6662, 5, '2012-06-11 17:59:25'),
(6663, 5, '2012-06-25 17:59:25'),
(6664, 5, '2012-07-02 17:59:25'),
(6665, 5, '2012-07-04 17:59:25'),
(6666, 5, '2012-07-03 17:59:25'),
(6667, 5, '2012-07-05 17:59:25'),
(6668, 5, '2012-07-28 17:59:25'),
(6669, 5, '2012-08-04 17:59:25'),
(6670, 5, '2012-08-03 17:59:25'),
(6671, 5, '2012-08-02 17:59:25'),
(6672, 5, '2012-08-01 17:59:25'),
(6673, 5, '2012-07-31 17:59:25'),
(6674, 5, '2012-07-23 17:59:25'),
(6675, 5, '2012-07-24 17:59:25'),
(6676, 5, '2012-07-25 17:59:25'),
(6677, 5, '2012-07-26 17:59:25'),
(6678, 5, '2012-07-27 17:59:25'),
(6679, 5, '2012-07-29 17:59:25'),
(6680, 5, '2012-08-05 17:59:25'),
(6681, 5, '2012-07-22 17:59:25'),
(6682, 5, '2012-07-15 17:59:25'),
(6683, 5, '2012-07-13 17:59:25'),
(6684, 5, '2012-07-12 17:59:25'),
(6685, 5, '2012-07-10 17:59:25'),
(6686, 5, '2012-07-09 17:59:25'),
(6687, 5, '2012-07-16 17:59:25'),
(6688, 5, '2012-07-17 17:59:25'),
(6689, 5, '2012-07-18 17:59:25'),
(6690, 5, '2012-07-19 17:59:25'),
(6691, 5, '2012-07-20 17:59:25'),
(6692, 5, '2012-07-21 17:59:25'),
(6693, 5, '2012-07-14 17:59:25'),
(6694, 5, '2012-07-11 17:59:25'),
(6695, 5, '2012-07-30 17:59:25'),
(6765, 7, '2012-02-08 18:01:17'),
(6766, 7, '2012-02-01 18:01:17'),
(6767, 7, '2012-02-12 18:01:17'),
(6768, 7, '2012-02-10 18:01:17'),
(6769, 7, '2012-02-09 18:01:17'),
(6770, 7, '2012-02-11 18:01:17'),
(6771, 7, '2012-02-19 18:01:17'),
(6772, 7, '2012-02-18 18:01:17'),
(6773, 7, '2012-02-17 18:01:17'),
(6774, 7, '2012-02-16 18:01:17'),
(6775, 7, '2012-02-02 18:01:17'),
(6776, 7, '2012-02-04 18:01:17'),
(6777, 7, '2012-02-05 18:01:17'),
(6778, 7, '2012-02-03 18:01:17'),
(6779, 7, '2012-02-06 18:01:17'),
(6780, 7, '2012-02-07 18:01:17'),
(6781, 7, '2012-02-15 18:01:17'),
(6782, 7, '2012-02-14 18:01:17'),
(6783, 7, '2012-02-13 18:01:17'),
(6784, 7, '2012-02-20 18:01:17'),
(6785, 7, '2012-02-21 18:01:17'),
(6786, 7, '2012-02-22 18:01:17'),
(6787, 7, '2012-02-23 18:01:17'),
(6788, 7, '2012-02-24 18:01:17'),
(6789, 7, '2012-02-25 18:01:17'),
(6790, 7, '2012-02-26 18:01:17'),
(6791, 7, '2012-02-27 18:01:17'),
(6792, 7, '2012-02-28 18:01:17'),
(6793, 7, '2012-02-29 18:01:17'),
(6794, 7, '2012-03-01 18:01:17'),
(6795, 7, '2012-03-02 18:01:17'),
(6796, 7, '2012-03-03 18:01:17'),
(6797, 7, '2012-03-04 18:01:17'),
(7163, 12, '2012-05-29 18:11:27'),
(7164, 12, '2012-05-30 18:11:27'),
(7165, 12, '2012-05-31 18:11:27'),
(7166, 12, '2012-06-07 18:11:27'),
(7167, 12, '2012-06-05 18:11:27'),
(7168, 12, '2012-06-06 18:11:27'),
(7169, 12, '2012-06-04 18:11:27'),
(7170, 12, '2012-06-21 18:11:27'),
(7171, 12, '2012-05-28 18:11:27'),
(7172, 12, '2012-06-01 18:11:27'),
(7173, 12, '2012-06-02 18:11:27'),
(7174, 12, '2012-06-03 18:11:27'),
(7175, 12, '2012-06-10 18:11:27'),
(7176, 12, '2012-06-09 18:11:27'),
(7177, 12, '2012-06-08 18:11:27'),
(7178, 12, '2012-06-15 18:11:27'),
(7179, 12, '2012-06-16 18:11:27'),
(7180, 12, '2012-06-17 18:11:27'),
(7181, 12, '2012-06-24 18:11:27'),
(7182, 12, '2012-06-23 18:11:27'),
(7183, 12, '2012-06-22 18:11:27'),
(7184, 12, '2012-06-20 18:11:27'),
(7185, 12, '2012-06-19 18:11:27'),
(7186, 12, '2012-06-18 18:11:27'),
(7187, 12, '2012-06-11 18:11:28'),
(7188, 12, '2012-06-14 18:11:28'),
(7189, 12, '2012-06-13 18:11:28'),
(7190, 12, '2012-06-12 18:11:28'),
(7191, 12, '2012-06-25 18:11:28'),
(7192, 12, '2012-06-26 18:11:28'),
(7193, 12, '2012-06-27 18:11:28'),
(7194, 12, '2012-06-28 18:11:28'),
(7195, 12, '2012-06-29 18:11:28'),
(7196, 12, '2012-06-30 18:11:28'),
(7197, 12, '2012-07-01 18:11:29'),
(7198, 12, '2012-07-02 18:11:29'),
(7199, 12, '2012-07-03 18:11:29'),
(7200, 12, '2012-07-04 18:11:29'),
(7201, 12, '2012-07-05 18:11:29'),
(7202, 12, '2012-07-06 18:11:29'),
(7203, 12, '2012-07-07 18:11:29'),
(7204, 12, '2012-07-08 18:11:29'),
(7205, 12, '2012-07-09 18:11:29'),
(7206, 12, '2012-07-10 18:11:29'),
(7207, 12, '2012-07-11 18:11:29'),
(7208, 12, '2012-07-12 18:11:29'),
(7209, 12, '2012-07-13 18:11:29'),
(7210, 12, '2012-07-14 18:11:29'),
(7211, 12, '2012-07-15 18:11:29'),
(7212, 12, '2012-07-22 18:11:29'),
(7213, 12, '2012-07-21 18:11:29'),
(7214, 12, '2012-07-20 18:11:29'),
(7215, 12, '2012-07-19 18:11:29'),
(7216, 12, '2012-07-18 18:11:29'),
(7217, 12, '2012-07-17 18:11:29'),
(7218, 12, '2012-07-16 18:11:29'),
(7219, 12, '2012-07-23 18:11:29'),
(7220, 12, '2012-07-24 18:11:29'),
(7221, 12, '2012-07-25 18:11:30'),
(7222, 12, '2012-07-26 18:11:30'),
(7223, 12, '2012-07-27 18:11:30'),
(7224, 12, '2012-07-28 18:11:30'),
(7225, 12, '2012-07-29 18:11:30'),
(7226, 12, '2012-07-30 18:11:30'),
(7227, 12, '2012-07-31 18:11:30'),
(7228, 12, '2012-08-01 18:11:30'),
(7229, 12, '2012-08-03 18:11:30'),
(7230, 12, '2012-08-02 18:11:30'),
(7231, 12, '2012-08-04 18:11:30'),
(7232, 12, '2012-08-05 18:11:30'),
(7233, 12, '2012-08-06 18:11:30'),
(7234, 12, '2012-08-07 18:11:30'),
(7235, 12, '2012-08-09 18:11:30'),
(7236, 12, '2012-08-08 18:11:30'),
(7237, 12, '2012-08-10 18:11:30'),
(7238, 12, '2012-08-11 18:11:30'),
(7239, 12, '2012-08-12 18:11:30'),
(7240, 12, '2012-08-19 18:11:30'),
(7241, 12, '2012-08-18 18:11:30'),
(7242, 12, '2012-08-17 18:11:30'),
(7243, 12, '2012-08-16 18:11:30'),
(7244, 12, '2012-08-15 18:11:30'),
(7245, 12, '2012-08-13 18:11:30'),
(7246, 12, '2012-08-14 18:11:30'),
(7247, 12, '2012-08-29 18:11:30'),
(7248, 12, '2012-08-21 18:11:30'),
(7249, 12, '2012-08-22 18:11:30'),
(7250, 12, '2012-08-23 18:11:30'),
(7251, 12, '2012-08-24 18:11:30'),
(7252, 12, '2012-08-25 18:11:30'),
(7253, 12, '2012-08-26 18:11:30'),
(7254, 12, '2012-09-02 18:11:30'),
(7255, 12, '2012-08-31 18:11:30'),
(7256, 12, '2012-09-01 18:11:30'),
(7257, 12, '2012-08-30 18:11:30'),
(7258, 12, '2012-08-28 18:11:30'),
(7259, 12, '2012-08-27 18:11:30'),
(7260, 12, '2012-08-20 18:11:30'),
(7261, 12, '2012-09-03 18:11:30'),
(7262, 12, '2012-09-04 18:11:31'),
(7263, 12, '2012-09-05 18:11:31'),
(7264, 12, '2012-09-06 18:11:31'),
(7265, 12, '2012-09-07 18:11:31'),
(7266, 12, '2012-09-08 18:11:31'),
(7267, 12, '2012-09-09 18:11:31'),
(7268, 12, '2012-09-10 18:11:31'),
(7269, 12, '2012-09-11 18:11:31'),
(7270, 12, '2012-09-12 18:11:31'),
(7271, 12, '2012-09-13 18:11:31'),
(7272, 12, '2012-09-14 18:11:31'),
(7273, 12, '2012-09-15 18:11:31'),
(7274, 12, '2012-09-16 18:11:32'),
(7275, 12, '2012-09-23 18:11:32'),
(7276, 12, '2012-09-22 18:11:32'),
(7277, 12, '2012-09-20 18:11:32'),
(7278, 12, '2012-09-21 18:11:32'),
(7279, 12, '2012-09-19 18:11:32'),
(7280, 12, '2012-09-18 18:11:32'),
(7281, 12, '2012-09-17 18:11:32'),
(7282, 12, '2012-09-24 18:11:32'),
(7283, 12, '2012-09-25 18:11:32'),
(7284, 12, '2012-09-26 18:11:32'),
(7285, 12, '2012-09-27 18:11:32'),
(7286, 12, '2012-09-28 18:11:32'),
(7287, 12, '2012-09-29 18:11:32'),
(7288, 12, '2012-09-30 18:11:32'),
(7289, 12, '2012-10-01 18:11:32'),
(7290, 12, '2012-10-02 18:11:32'),
(7291, 12, '2012-10-03 18:11:32'),
(7292, 12, '2012-10-04 18:11:32'),
(7293, 12, '2012-10-05 18:11:32'),
(7294, 12, '2012-10-06 18:11:32'),
(7295, 12, '2012-10-07 18:11:32'),
(7296, 12, '2012-10-08 18:11:32'),
(7297, 12, '2012-10-09 18:11:32'),
(7298, 12, '2012-10-10 18:11:32'),
(7299, 12, '2012-10-11 18:11:32'),
(7300, 12, '2012-10-12 18:11:33'),
(7301, 12, '2012-10-13 18:11:33'),
(7302, 12, '2012-10-14 18:11:33'),
(7303, 12, '2012-10-21 18:11:33'),
(7304, 12, '2012-10-20 18:11:33'),
(7305, 12, '2012-10-19 18:11:33'),
(7306, 12, '2012-10-18 18:11:33'),
(7307, 12, '2012-10-17 18:11:33'),
(7308, 12, '2012-10-16 18:11:33'),
(7309, 12, '2012-10-15 18:11:33'),
(7310, 12, '2012-10-22 18:11:33'),
(7311, 12, '2012-10-23 18:11:33'),
(7312, 12, '2012-10-24 18:11:33'),
(7313, 12, '2012-10-25 18:11:33'),
(7314, 12, '2012-10-26 18:11:33'),
(7315, 12, '2012-10-27 18:11:33'),
(7316, 12, '2012-10-28 18:11:33'),
(7317, 12, '2012-11-04 18:11:33'),
(7318, 12, '2012-11-02 18:11:33'),
(7319, 12, '2012-11-03 18:11:33'),
(7320, 12, '2012-11-01 18:11:33'),
(7321, 12, '2012-10-31 18:11:33'),
(7322, 12, '2012-10-30 18:11:33'),
(7323, 12, '2012-10-29 18:11:33'),
(7324, 12, '2012-11-05 18:11:33'),
(7325, 12, '2012-11-06 18:11:33'),
(7326, 12, '2012-11-07 18:11:33'),
(7327, 12, '2012-11-08 18:11:33'),
(7328, 12, '2012-11-09 18:11:33'),
(7329, 12, '2012-11-10 18:11:33'),
(7330, 12, '2012-11-11 18:11:33'),
(7331, 12, '2012-11-12 18:11:33'),
(7332, 12, '2012-11-13 18:11:33'),
(7333, 12, '2012-11-15 18:11:33'),
(7334, 12, '2012-11-14 18:11:33'),
(7335, 12, '2012-11-16 18:11:33'),
(7336, 12, '2012-11-17 18:11:33'),
(7337, 12, '2012-11-18 18:11:33'),
(7338, 12, '2012-11-25 18:11:33'),
(7339, 12, '2012-11-24 18:11:33'),
(7340, 12, '2012-11-23 18:11:33'),
(7341, 12, '2012-11-22 18:11:33'),
(7342, 12, '2012-11-21 18:11:33'),
(7343, 12, '2012-11-20 18:11:33'),
(7344, 12, '2012-11-19 18:11:33'),
(7345, 12, '2012-11-26 18:11:33'),
(7346, 12, '2012-11-27 18:11:33'),
(7347, 12, '2012-11-28 18:11:33'),
(7348, 12, '2012-11-29 18:11:33'),
(7349, 12, '2012-11-30 18:11:33'),
(7350, 12, '2012-12-01 18:11:33'),
(7351, 12, '2012-12-02 18:11:33'),
(7352, 12, '2012-12-03 18:11:33'),
(7353, 12, '2012-12-04 18:11:33'),
(7354, 12, '2012-12-05 18:11:33'),
(7355, 12, '2012-12-06 18:11:33'),
(7356, 12, '2012-12-07 18:11:33'),
(7357, 12, '2012-12-08 18:11:33'),
(7358, 12, '2012-12-09 18:11:33'),
(7359, 12, '2012-12-10 18:11:33'),
(7360, 12, '2012-12-11 18:11:33'),
(7361, 12, '2012-12-12 18:11:33'),
(7362, 12, '2012-12-13 18:11:33'),
(7363, 12, '2012-12-14 18:11:33'),
(7364, 12, '2012-05-21 18:11:33'),
(7365, 12, '2012-05-22 18:11:33'),
(7366, 12, '2012-05-23 18:11:33'),
(7367, 12, '2012-05-24 18:11:34'),
(7368, 12, '2012-05-25 18:11:34'),
(7369, 12, '2012-05-26 18:11:34'),
(7370, 12, '2012-05-27 18:11:34'),
(7371, 12, '2012-05-20 18:11:34'),
(7372, 12, '2012-05-19 18:11:34'),
(7373, 12, '2012-05-18 18:11:34'),
(7374, 12, '2012-05-17 18:11:34'),
(7375, 12, '2012-05-16 18:11:34'),
(7376, 12, '2012-05-15 18:11:34'),
(7377, 12, '2012-05-14 18:11:35'),
(7378, 12, '2012-05-07 18:11:35'),
(7379, 12, '2012-05-09 18:11:35'),
(7380, 12, '2012-05-08 18:11:35'),
(7381, 12, '2012-05-10 18:11:35'),
(7382, 12, '2012-05-11 18:11:35'),
(7383, 12, '2012-05-12 18:11:35'),
(7384, 12, '2012-05-13 18:11:35'),
(7385, 12, '2012-05-06 18:11:35'),
(7386, 12, '2012-05-05 18:11:35'),
(7387, 12, '2012-05-04 18:11:35'),
(7388, 12, '2012-05-03 18:11:35'),
(7389, 12, '2012-05-02 18:11:35'),
(7390, 12, '2012-05-01 18:11:35'),
(7391, 12, '2012-04-30 18:11:35'),
(7392, 12, '2012-04-29 18:11:35'),
(7393, 12, '2012-04-28 18:11:35'),
(7394, 12, '2012-04-27 18:11:35'),
(7395, 12, '2012-04-26 18:11:35'),
(7396, 12, '2012-04-25 18:11:35'),
(7397, 12, '2012-04-24 18:11:35'),
(7398, 12, '2012-04-23 18:11:35'),
(7399, 12, '2012-04-16 18:11:35'),
(7400, 12, '2012-04-17 18:11:35'),
(7401, 12, '2012-04-18 18:11:36'),
(7402, 12, '2012-04-19 18:11:36'),
(7403, 12, '2012-04-20 18:11:36'),
(7404, 12, '2012-04-21 18:11:36'),
(7405, 12, '2012-04-22 18:11:36'),
(7406, 12, '2012-04-15 18:11:36'),
(7407, 12, '2012-04-14 18:11:36'),
(7408, 12, '2012-04-13 18:11:36'),
(7409, 12, '2012-04-11 18:11:36'),
(7410, 12, '2012-04-12 18:11:36'),
(7411, 12, '2012-04-10 18:11:36'),
(7412, 12, '2012-04-09 18:11:36'),
(7413, 12, '2012-04-02 18:11:36'),
(7414, 12, '2012-04-03 18:11:36'),
(7415, 12, '2012-04-04 18:11:36'),
(7416, 12, '2012-04-05 18:11:36'),
(7417, 12, '2012-04-06 18:11:36'),
(7418, 12, '2012-04-07 18:11:36'),
(7419, 12, '2012-04-08 18:11:36'),
(7420, 12, '2012-04-01 18:11:36'),
(7421, 12, '2012-03-30 18:11:36'),
(7422, 12, '2012-03-31 18:11:36'),
(7423, 12, '2012-03-29 18:11:36'),
(7424, 12, '2012-03-28 18:11:36'),
(7425, 12, '2012-03-27 18:11:36'),
(7426, 12, '2012-03-26 18:11:36'),
(7427, 12, '2012-03-25 18:11:36'),
(7428, 12, '2012-03-24 18:11:36'),
(7429, 12, '2012-03-23 18:11:36'),
(7430, 12, '2012-03-22 18:11:36'),
(7431, 12, '2012-03-21 18:11:36'),
(7432, 12, '2012-03-20 18:11:36'),
(7433, 12, '2012-03-19 18:11:36'),
(7434, 12, '2012-03-12 18:11:36'),
(7435, 12, '2012-03-13 18:11:36'),
(7436, 12, '2012-03-14 18:11:36'),
(7437, 12, '2012-03-15 18:11:36'),
(7438, 12, '2013-03-15 18:11:36'),
(7439, 12, '2013-03-16 18:11:36'),
(7440, 12, '2013-03-17 18:11:36'),
(7441, 12, '2013-03-24 18:11:36'),
(7442, 12, '2013-03-23 18:11:36'),
(7443, 12, '2013-03-22 18:11:36'),
(7444, 12, '2013-03-21 18:11:36'),
(7445, 12, '2013-03-20 18:11:36'),
(7446, 12, '2013-03-18 18:11:36'),
(7447, 12, '2013-03-19 18:11:36'),
(7448, 12, '2013-03-26 18:11:36'),
(7449, 12, '2013-03-25 18:11:36'),
(7450, 12, '2013-03-27 18:11:36'),
(7451, 12, '2013-03-28 18:11:36'),
(7452, 12, '2013-03-29 18:11:36'),
(7453, 12, '2013-03-30 18:11:36'),
(7454, 12, '2013-03-31 18:11:36'),
(7455, 12, '2013-04-07 18:11:36'),
(7456, 12, '2013-04-06 18:11:36'),
(7457, 12, '2013-04-04 18:11:36'),
(7458, 12, '2013-04-05 18:11:36'),
(7459, 12, '2013-04-03 18:11:36'),
(7460, 12, '2013-04-02 18:11:36'),
(7461, 12, '2013-04-01 18:11:37'),
(7462, 12, '2013-04-08 18:11:37'),
(7463, 12, '2013-04-09 18:11:37'),
(7464, 12, '2013-04-23 18:11:37'),
(7465, 12, '2013-04-10 18:11:37'),
(7466, 12, '2013-04-11 18:11:37'),
(7467, 12, '2013-04-12 18:11:37'),
(7468, 12, '2013-04-13 18:11:37'),
(7469, 12, '2013-04-14 18:11:37'),
(7470, 12, '2013-04-28 18:11:37'),
(7471, 12, '2013-04-21 18:11:37'),
(7472, 12, '2013-04-19 18:11:37'),
(7473, 12, '2013-04-20 18:11:37'),
(7474, 12, '2013-04-18 18:11:37'),
(7475, 12, '2013-04-17 18:11:37'),
(7476, 12, '2013-04-15 18:11:37'),
(7477, 12, '2013-04-16 18:11:37'),
(7478, 12, '2013-04-22 18:11:37'),
(7479, 12, '2013-04-24 18:11:37'),
(7480, 12, '2013-04-25 18:11:37'),
(7481, 12, '2013-04-26 18:11:37'),
(7482, 12, '2013-04-27 18:11:37'),
(7483, 12, '2013-05-05 18:11:38'),
(7484, 12, '2013-05-04 18:11:38'),
(7485, 12, '2013-05-03 18:11:38'),
(7486, 12, '2013-05-02 18:11:38'),
(7487, 12, '2013-04-30 18:11:38'),
(7488, 12, '2013-05-01 18:11:38'),
(7489, 12, '2013-04-29 18:11:38'),
(7490, 12, '2013-05-06 18:11:38'),
(7491, 12, '2013-05-07 18:11:38'),
(7492, 12, '2013-05-08 18:11:38'),
(7493, 12, '2013-05-09 18:11:38'),
(7494, 12, '2013-05-10 18:11:38'),
(7495, 12, '2013-05-11 18:11:38'),
(7496, 12, '2013-05-12 18:11:38'),
(7497, 12, '2013-05-13 18:11:38'),
(7498, 12, '2013-05-14 18:11:38'),
(7499, 12, '2013-05-15 18:11:38'),
(7500, 12, '2013-05-17 18:11:38'),
(7501, 12, '2013-05-16 18:11:38'),
(7502, 12, '2013-05-18 18:11:38'),
(7503, 12, '2013-05-19 18:11:38'),
(7504, 13, '2012-12-31 01:51:39'),
(7505, 13, '2012-12-30 01:51:40'),
(7506, 13, '2012-12-29 01:51:40'),
(7507, 13, '2012-12-28 01:51:40'),
(7508, 13, '2013-01-01 01:51:40'),
(7509, 13, '2013-01-02 01:51:40'),
(7510, 13, '2013-01-09 01:51:40'),
(7511, 13, '2013-01-18 01:51:40'),
(7512, 13, '2013-01-10 01:51:41'),
(7513, 13, '2013-01-11 01:51:41'),
(7514, 13, '2013-01-04 01:51:41'),
(7515, 13, '2013-01-03 01:51:42'),
(7516, 13, '2013-01-06 01:51:43'),
(7517, 13, '2013-01-13 01:51:43'),
(7518, 13, '2013-01-05 01:51:43'),
(7519, 13, '2013-01-12 01:51:44'),
(7520, 13, '2013-01-20 01:51:45'),
(7521, 13, '2013-01-19 01:51:45'),
(7522, 13, '2013-01-17 01:51:45'),
(7523, 13, '2013-01-16 01:51:45'),
(7524, 13, '2013-01-15 01:51:46'),
(7525, 13, '2013-01-14 01:51:46'),
(7526, 13, '2013-01-07 01:51:47'),
(7527, 13, '2013-01-08 01:51:47'),
(7528, 6, '2012-01-31 20:23:07'),
(7529, 6, '2012-02-03 20:23:07'),
(7530, 6, '2012-02-04 20:23:07'),
(7531, 6, '2012-02-05 20:23:07'),
(7532, 6, '2012-02-02 20:23:07'),
(7533, 6, '2012-02-01 20:23:07'),
(7534, 6, '2012-01-30 20:23:07'),
(7535, 6, '2012-02-06 20:23:07'),
(7536, 6, '2012-02-27 20:23:07'),
(7537, 6, '2012-02-20 20:23:07'),
(7538, 6, '2012-02-13 20:23:07'),
(7539, 6, '2012-02-07 20:23:07'),
(7540, 6, '2012-02-08 20:23:07'),
(7541, 6, '2012-02-09 20:23:07'),
(7542, 6, '2012-02-10 20:23:07'),
(7543, 6, '2012-02-11 20:23:07'),
(7544, 6, '2012-02-12 20:23:07'),
(7545, 6, '2012-02-19 20:23:07'),
(7546, 6, '2012-02-26 20:23:07'),
(7547, 6, '2012-02-25 20:23:07'),
(7548, 6, '2012-02-24 20:23:07'),
(7549, 6, '2012-02-21 20:23:07'),
(7550, 6, '2012-02-22 20:23:07'),
(7551, 6, '2012-02-23 20:23:07'),
(7552, 6, '2012-02-16 20:23:07'),
(7553, 6, '2012-02-17 20:23:07'),
(7554, 6, '2012-02-18 20:23:07'),
(7555, 6, '2012-02-15 20:23:07'),
(7556, 6, '2012-02-14 20:23:07'),
(7557, 6, '2012-02-29 20:23:07'),
(7558, 6, '2012-02-28 20:23:07'),
(7559, 6, '2012-03-09 20:23:07'),
(7560, 6, '2012-03-10 20:23:07'),
(7561, 6, '2012-03-11 20:23:07'),
(7562, 6, '2011-12-26 20:23:07'),
(7563, 6, '2011-12-27 20:23:07'),
(7564, 6, '2011-12-28 20:23:07'),
(7565, 6, '2011-12-29 20:23:07'),
(7566, 6, '2011-12-30 20:23:07'),
(7567, 6, '2011-12-31 20:23:07'),
(7568, 6, '2012-01-01 20:23:07'),
(7569, 6, '2012-01-15 20:23:07'),
(7570, 6, '2012-01-29 20:23:07'),
(7571, 6, '2012-01-22 20:23:07'),
(7572, 6, '2012-01-20 20:23:07'),
(7573, 6, '2012-01-18 20:23:07'),
(7574, 6, '2012-01-17 20:23:07'),
(7575, 6, '2012-01-16 20:23:07'),
(7576, 6, '2012-01-23 20:23:07'),
(7577, 6, '2012-01-24 20:23:07'),
(7578, 6, '2012-01-25 20:23:07'),
(7579, 6, '2012-01-26 20:23:07'),
(7580, 6, '2012-01-27 20:23:07'),
(7581, 6, '2012-01-28 20:23:07'),
(7582, 6, '2012-01-21 20:23:07'),
(7583, 6, '2012-01-14 20:23:07'),
(7584, 6, '2012-01-07 20:23:07'),
(7585, 6, '2012-01-08 20:23:07'),
(7586, 6, '2012-01-06 20:23:07'),
(7587, 6, '2012-01-05 20:23:07'),
(7588, 6, '2012-01-03 20:23:07'),
(7589, 6, '2012-01-02 20:23:07'),
(7590, 6, '2012-01-09 20:23:07'),
(7591, 6, '2012-01-10 20:23:07'),
(7592, 6, '2012-01-04 20:23:07'),
(7593, 6, '2012-01-11 20:23:07'),
(7594, 6, '2012-01-12 20:23:07'),
(7595, 6, '2012-01-13 20:23:07'),
(7596, 6, '2012-01-19 20:23:07');

-- --------------------------------------------------------

--
-- Table structure for table `md_passport`
--

CREATE TABLE IF NOT EXISTS `md_passport` (
  `id` int(11) NOT NULL AUTO_INCREMENT,
  `md_user_id` int(11) NOT NULL,
  `username` varchar(128) NOT NULL,
  `password` varchar(128) NOT NULL,
  `account_active` tinyint(4) NOT NULL DEFAULT '0',
  `account_blocked` tinyint(4) NOT NULL DEFAULT '0',
  `last_login` datetime DEFAULT NULL,
  `created_at` datetime NOT NULL,
  `updated_at` datetime NOT NULL,
  PRIMARY KEY (`id`),
  KEY `md_user_id_idx` (`md_user_id`)
) ENGINE=InnoDB  DEFAULT CHARSET=latin1 AUTO_INCREMENT=25 ;

--
-- Dumping data for table `md_passport`
--

INSERT INTO `md_passport` (`id`, `md_user_id`, `username`, `password`, `account_active`, `account_blocked`, `last_login`, `created_at`, `updated_at`) VALUES
(1, 1, 'admin', 'd93591bdf7860e1e4ee2fca799911215', 1, 0, '2012-08-03 17:18:12', '2012-01-19 20:41:32', '2012-08-03 17:18:12'),
(4, 4, 'XCZ', '202cb962ac59075b964b07152d234b70', 1, 0, '2012-02-06 16:13:20', '2012-02-06 16:13:20', '2012-02-06 16:13:20'),
(7, 7, 'gsosadias', 'f077ead939a834a2a474fc3e16b63c43', 1, 0, '2012-04-10 17:52:45', '2012-03-21 22:08:59', '2012-04-10 17:52:45'),
(8, 8, 'danifmg', 'e4029dff92350495753acb8af649e53d', 1, 0, '2012-03-22 18:08:54', '2012-03-22 18:08:54', '2012-03-22 18:08:54'),
(9, 9, 'lodelucas', '11d770420e9f10ec3d1bb4bd213455dd', 1, 0, '2012-03-26 20:06:11', '2012-03-25 18:55:56', '2012-03-26 20:06:11'),
(10, 10, 'haroldomorelli', 'd9d6ac23b85e163d4237b2c07e1f35cc', 1, 0, '2012-03-25 19:19:43', '2012-03-25 19:19:43', '2012-03-25 19:19:43'),
(11, 11, 'mariainesfolle', '3303825ccaf8628a5d3f3d83e5a41879', 1, 0, '2012-03-26 10:47:17', '2012-03-26 10:47:17', '2012-03-26 10:47:17'),
(15, 15, 'Diegosoto', 'f7def86eceb219f3b94ff9b12e912a0b', 1, 0, NULL, '2012-07-25 13:56:45', '2012-07-25 14:54:53'),
(16, 16, 'quintelasantiago', '82b64a00911060947cfcecc354412fe6', 1, 0, '2012-07-31 21:52:38', '2012-07-25 15:57:10', '2012-07-31 21:52:38'),
(17, 17, 'rsantellan', '202cb962ac59075b964b07152d234b70', 1, 0, '2012-07-27 11:29:37', '2012-07-26 15:36:59', '2012-07-27 11:29:37'),
(18, 18, 'lodefabi', '1846e44dabf51dd7a73ba5d464f76398', 1, 0, '2012-07-31 10:55:38', '2012-07-26 16:48:23', '2012-07-31 10:55:38'),
(19, 19, 'pedro', 'c6cc8094c2dc07b700ffcc36d64e2138', 0, 0, NULL, '2012-07-26 18:13:28', '2012-07-26 18:13:28'),
(20, 20, 'popizenteno', 'caf9b6b99962bf5c2264824231d7a40c', 1, 0, '2012-07-26 20:21:08', '2012-07-26 20:12:19', '2012-07-26 20:21:08'),
(21, 21, 'web', '2c49c4a5ed7a78a9e8cbe10db056f15f', 1, 0, '2012-08-03 18:10:39', '2012-07-27 17:12:48', '2012-08-03 18:10:39'),
(22, 22, 'Dausurf', '00c85541d9ee3543f7e6b6e07bd9864a', 0, 0, NULL, '2012-07-29 23:15:47', '2012-07-29 23:15:47'),
(23, 23, 'popizenteno', 'ec13c33af6507e826027ce2ce4adeecb', 1, 0, '2012-08-02 11:03:55', '2012-08-02 11:03:55', '2012-08-02 11:03:55'),
(24, 24, 'mvalotta', '50282d5e19b1f7f1900e481d859fd91c', 1, 0, NULL, '2012-08-03 14:30:38', '2012-08-03 14:31:28');

-- --------------------------------------------------------

--
-- Table structure for table `md_passport_remember_key`
--

CREATE TABLE IF NOT EXISTS `md_passport_remember_key` (
  `id` int(11) NOT NULL AUTO_INCREMENT,
  `md_passport_id` int(11) DEFAULT NULL,
  `remember_key` varchar(32) DEFAULT NULL,
  `ip_address` varchar(50) NOT NULL DEFAULT '',
  `created_at` datetime NOT NULL,
  `updated_at` datetime NOT NULL,
  PRIMARY KEY (`id`,`ip_address`),
  KEY `md_passport_id_idx` (`md_passport_id`)
) ENGINE=InnoDB  DEFAULT CHARSET=latin1 AUTO_INCREMENT=9 ;

--
-- Dumping data for table `md_passport_remember_key`
--

INSERT INTO `md_passport_remember_key` (`id`, `md_passport_id`, `remember_key`, `ip_address`, `created_at`, `updated_at`) VALUES
(4, 1, 'rcik39c2stckcg8wgksc08o4gwcskck', '186.52.12.193', '2012-08-01 10:11:31', '2012-08-01 10:11:31'),
(8, 21, 'jqnnbltero0888w8g4c00s4ssgkcc8g', '190.134.21.111', '2012-08-03 18:09:43', '2012-08-03 18:09:43');

-- --------------------------------------------------------

--
-- Table structure for table `md_reserva`
--

CREATE TABLE IF NOT EXISTS `md_reserva` (
  `id` int(11) NOT NULL AUTO_INCREMENT,
  `md_user_id` int(11) NOT NULL,
  `md_apartamento_id` int(11) NOT NULL,
  `fecha_desde` date NOT NULL,
  `fecha_hasta` date NOT NULL,
  `cantidad_personas` int(11) NOT NULL,
  `md_currency_id` int(11) NOT NULL,
  `total` double(18,2) NOT NULL,
  `status` enum('pending','confirm','efective','cancel','cancelPayPal','errorPayPal','prePayPal') NOT NULL DEFAULT 'pending',
  `message` text,
  `created_at` datetime NOT NULL,
  `updated_at` datetime NOT NULL,
  PRIMARY KEY (`id`),
  KEY `md_user_id_idx` (`md_user_id`),
  KEY `md_apartamento_id_idx` (`md_apartamento_id`),
  KEY `md_currency_id_idx` (`md_currency_id`)
) ENGINE=InnoDB  DEFAULT CHARSET=latin1 AUTO_INCREMENT=4 ;

--
-- Dumping data for table `md_reserva`
--

INSERT INTO `md_reserva` (`id`, `md_user_id`, `md_apartamento_id`, `fecha_desde`, `fecha_hasta`, `cantidad_personas`, `md_currency_id`, `total`, `status`, `message`, `created_at`, `updated_at`) VALUES
(1, 7, 8, '2012-04-10', '2012-04-19', 8, 2, 900.00, 'pending', NULL, '2012-03-25 18:38:25', '2012-03-25 18:38:25'),
(2, 9, 8, '2012-03-28', '2012-05-07', 2, 2, 4000.00, 'pending', NULL, '2012-03-26 20:06:31', '2012-03-26 20:06:31'),
(3, 23, 6, '2012-08-14', '2012-08-17', 4, 2, 700.00, 'prePayPal', NULL, '2012-08-02 11:04:22', '2012-08-02 11:04:22');

-- --------------------------------------------------------

--
-- Table structure for table `md_user`
--

CREATE TABLE IF NOT EXISTS `md_user` (
  `id` int(11) NOT NULL AUTO_INCREMENT,
  `email` varchar(128) NOT NULL,
  `super_admin` tinyint(4) NOT NULL DEFAULT '0',
  `culture` varchar(2) DEFAULT NULL,
  `deleted_at` datetime DEFAULT NULL,
  `created_at` datetime NOT NULL,
  `updated_at` datetime NOT NULL,
  PRIMARY KEY (`id`),
  UNIQUE KEY `email` (`email`)
) ENGINE=InnoDB  DEFAULT CHARSET=latin1 AUTO_INCREMENT=25 ;

--
-- Dumping data for table `md_user`
--

INSERT INTO `md_user` (`id`, `email`, `super_admin`, `culture`, `deleted_at`, `created_at`, `updated_at`) VALUES
(1, 'admin@admin.com', 1, 'es', NULL, '2012-01-19 20:41:32', '2012-03-20 16:07:46'),
(4, 'XCZ@asd.com', 0, 'es', NULL, '2012-02-06 16:13:20', '2012-02-06 16:13:20'),
(7, 'gsosadias@hotmail.com', 0, 'es', NULL, '2012-03-21 22:08:59', '2012-03-21 22:08:59'),
(8, 'danifmg@hotmail.com', 0, 'es', NULL, '2012-03-22 18:08:54', '2012-03-22 18:08:54'),
(9, 'lodelucas@hotmail.com', 0, 'es', NULL, '2012-03-25 18:55:56', '2012-03-25 18:55:56'),
(10, 'haroldomorelli@hotmail.com', 0, 'es', NULL, '2012-03-25 19:19:43', '2012-03-25 19:19:43'),
(11, 'mariainesfolle@hotmail.com', 0, 'es', NULL, '2012-03-26 10:47:17', '2012-03-26 10:47:17'),
(15, 'diegoestebansoto@hotmail.com', 0, 'es', NULL, '2012-07-25 13:56:44', '2012-07-25 13:57:19'),
(16, 'quintelasantiago@gmail.com', 0, 'es', NULL, '2012-07-25 15:57:09', '2012-07-25 15:57:55'),
(17, 'rsantellan@gmail.com', 0, 'es', NULL, '2012-07-26 15:36:59', '2012-07-26 15:36:59'),
(18, 'lodefabi@hotmail.com', 0, 'es', NULL, '2012-07-26 16:48:23', '2012-07-26 16:48:43'),
(19, 'pedro@centurycollectors.com', 0, 'es', NULL, '2012-07-26 18:13:28', '2012-07-26 18:15:25'),
(20, 'info@rentnchill.com', 0, 'es', NULL, '2012-07-26 20:12:19', '2012-07-26 20:12:31'),
(21, 'web@mjf.com.uy', 0, 'es', NULL, '2012-07-27 17:12:48', '2012-07-27 17:12:48'),
(22, 'dausurf@gmail.com', 0, 'es', NULL, '2012-07-29 23:15:47', '2012-07-29 23:15:47'),
(23, 'popizenteno@gmail.com', 0, 'es', NULL, '2012-08-02 11:03:54', '2012-08-02 11:03:54'),
(24, 'mvalotta@gmail.com', 0, 'es', NULL, '2012-08-03 14:30:36', '2012-08-03 14:31:37');

-- --------------------------------------------------------

--
-- Table structure for table `md_user_profile`
--

CREATE TABLE IF NOT EXISTS `md_user_profile` (
  `id` int(11) NOT NULL AUTO_INCREMENT,
  `name` varchar(128) DEFAULT NULL,
  `last_name` varchar(128) DEFAULT NULL,
  `city` varchar(128) DEFAULT NULL,
  `country_code` varchar(2) DEFAULT 'UY',
  PRIMARY KEY (`id`)
) ENGINE=InnoDB  DEFAULT CHARSET=latin1 AUTO_INCREMENT=25 ;

--
-- Dumping data for table `md_user_profile`
--

INSERT INTO `md_user_profile` (`id`, `name`, `last_name`, `city`, `country_code`) VALUES
(1, 'Admin', 'Admin', '', 'UY'),
(4, 'bfdx', 'admin', NULL, 'UY'),
(7, 'Gabriela', 'Sosa Dias', NULL, 'UY'),
(8, 'Daniela ', 'Fraga', NULL, 'UY'),
(9, 'Lucas ', 'Muñoz', NULL, 'UY'),
(10, 'haroldo', 'morelli', NULL, 'UY'),
(11, 'Maria', 'Folle', NULL, 'UY'),
(15, 'Diego', 'Soto', 'Punta del Este', 'UY'),
(16, 'Santiago', 'Quintela', 'Punta del Este', 'UY'),
(17, 'Rodrigo', 'Santellan', NULL, 'UY'),
(18, 'Fabiana', 'Muñoz', 'Montevideo', 'UY'),
(19, 'Pedro', 'Petrovo', '', 'US'),
(20, 'Andrea', 'Zenteno', 'Punta del este', 'UY'),
(21, 'marcel', 'duarte', '555', 'UY'),
(22, '', '', 'Punta del Este', 'UY'),
(23, 'andrea', 'zenteno', NULL, 'UY'),
(24, 'Marcelo ', 'Valotta', '', 'UY');

-- --------------------------------------------------------

--
-- Table structure for table `md_user_search`
--

CREATE TABLE IF NOT EXISTS `md_user_search` (
  `id` bigint(20) NOT NULL AUTO_INCREMENT,
  `md_user_id` int(11) NOT NULL,
  `email` varchar(128) DEFAULT NULL,
  `username` varchar(128) DEFAULT NULL,
  `name` varchar(128) DEFAULT NULL,
  `last_name` varchar(128) DEFAULT NULL,
  `country_code` varchar(2) DEFAULT NULL,
  `avatar_src` text,
  `active` tinyint(1) DEFAULT '0',
  `blocked` tinyint(1) DEFAULT '0',
  `admin` tinyint(1) DEFAULT '0',
  `show_email` tinyint(1) DEFAULT '0',
  `created_at` datetime NOT NULL,
  `updated_at` datetime NOT NULL,
  PRIMARY KEY (`id`),
  KEY `username_index_idx` (`username`),
  KEY `email_index_idx` (`email`),
  KEY `last_name_index_idx` (`last_name`),
  KEY `name_index_idx` (`name`),
  KEY `md_user_id_idx` (`md_user_id`)
) ENGINE=InnoDB  DEFAULT CHARSET=latin1 AUTO_INCREMENT=25 ;

--
-- Dumping data for table `md_user_search`
--

INSERT INTO `md_user_search` (`id`, `md_user_id`, `email`, `username`, `name`, `last_name`, `country_code`, `avatar_src`, `active`, `blocked`, `admin`, `show_email`, `created_at`, `updated_at`) VALUES
(1, 1, 'admin@admin.com', 'admin', 'Admin', 'Admin', 'UY', NULL, 1, 0, 1, 0, '2012-01-19 20:41:32', '2012-01-19 20:41:32'),
(4, 4, 'XCZ@asd.com', 'XCZ', 'bfdx', 'admin', 'UY', NULL, 1, 0, 0, 0, '2012-02-06 16:13:20', '2012-02-06 16:13:20'),
(7, 7, 'gsosadias@hotmail.com', 'gsosadias', 'Gabriela', 'Sosa Dias', 'UY', NULL, 1, 0, 0, 0, '2012-03-21 22:08:59', '2012-03-21 22:08:59'),
(8, 8, 'danifmg@hotmail.com', 'danifmg', 'Daniela ', 'Fraga', 'UY', NULL, 1, 0, 0, 0, '2012-03-22 18:08:54', '2012-03-22 18:08:54'),
(9, 9, 'lodelucas@hotmail.com', 'lodelucas', 'Lucas ', 'Muñoz', 'UY', NULL, 1, 0, 0, 0, '2012-03-25 18:55:56', '2012-03-25 18:55:56'),
(10, 10, 'haroldomorelli@hotmail.com', 'haroldomorelli', 'haroldo', 'morelli', 'UY', NULL, 1, 0, 0, 0, '2012-03-25 19:19:43', '2012-03-25 19:19:43'),
(11, 11, 'mariainesfolle@hotmail.com', 'mariainesfolle', 'Maria', 'Folle', 'UY', NULL, 1, 0, 0, 0, '2012-03-26 10:47:17', '2012-03-26 10:47:17'),
(15, 15, 'diegoestebansoto@hotmail.com', 'Diegosoto', 'Diego', 'Soto', 'UY', NULL, 1, 0, 0, 0, '2012-07-25 13:56:45', '2012-07-25 14:54:53'),
(16, 16, 'quintelasantiago@gmail.com', 'quintelasantiago', 'Santiago', 'Quintela', 'UY', NULL, 1, 0, 0, 0, '2012-07-25 15:57:09', '2012-07-25 15:57:45'),
(17, 17, 'rsantellan@gmail.com', 'rsantellan', 'Rodrigo', 'Santellan', 'UY', NULL, 1, 0, 0, 0, '2012-07-26 15:36:59', '2012-07-26 15:36:59'),
(18, 18, 'lodefabi@hotmail.com', 'lodefabi', 'Fabiana', 'Muñoz', 'UY', NULL, 1, 0, 0, 0, '2012-07-26 16:48:23', '2012-07-26 16:48:33'),
(19, 19, 'pedro@centurycollectors.com', 'pedro', 'Pedro', 'Petrovo', 'US', NULL, 0, 0, 0, 0, '2012-07-26 18:13:28', '2012-07-26 18:15:26'),
(20, 20, 'info@rentnchill.com', 'popizenteno', 'Andrea', 'Zenteno', 'UY', NULL, 1, 0, 0, 0, '2012-07-26 20:12:19', '2012-07-26 20:12:28'),
(21, 21, 'web@mjf.com.uy', 'web', 'marcel', 'duarte', 'UY', NULL, 1, 0, 0, 0, '2012-07-27 17:12:48', '2012-07-27 17:12:48'),
(22, 22, 'dausurf@gmail.com', 'Dausurf', '', '', 'UY', NULL, 0, 0, 0, 0, '2012-07-29 23:15:47', '2012-07-29 23:15:47'),
(23, 23, 'popizenteno@gmail.com', 'popizenteno', 'andrea', 'zenteno', 'UY', NULL, 1, 0, 0, 0, '2012-08-02 11:03:54', '2012-08-02 11:03:55'),
(24, 24, 'mvalotta@gmail.com', 'mvalotta', 'Marcelo ', 'Valotta', 'UY', NULL, 1, 0, 0, 0, '2012-08-03 14:30:37', '2012-08-03 14:31:29');

-- --------------------------------------------------------

--
-- Table structure for table `temporada_anual`
--

CREATE TABLE IF NOT EXISTS `temporada_anual` (
  `fecha` date NOT NULL DEFAULT '0000-00-00',
  `md_locacion_id` int(11) NOT NULL DEFAULT '0',
  `tipo` enum('A','M','B') NOT NULL DEFAULT 'B',
  PRIMARY KEY (`fecha`,`md_locacion_id`),
  KEY `temporada_anual_md_locacion_id_md_locacion_id` (`md_locacion_id`)
) ENGINE=InnoDB DEFAULT CHARSET=latin1;

--
-- Dumping data for table `temporada_anual`
--

INSERT INTO `temporada_anual` (`fecha`, `md_locacion_id`, `tipo`) VALUES
('2008-08-03', 1, 'B'),
('2008-08-03', 2, 'B'),
('2008-08-03', 3, 'B'),
('2008-08-04', 1, 'B'),
('2008-08-04', 2, 'B'),
('2008-08-04', 3, 'B'),
('2008-08-05', 1, 'B'),
('2008-08-05', 2, 'B'),
('2008-08-05', 3, 'B'),
('2008-08-06', 1, 'B'),
('2008-08-06', 2, 'B'),
('2008-08-06', 3, 'B'),
('2008-08-07', 1, 'B'),
('2008-08-07', 2, 'B'),
('2008-08-07', 3, 'B'),
('2008-08-08', 1, 'B'),
('2008-08-08', 2, 'B'),
('2008-08-08', 3, 'B'),
('2008-08-09', 1, 'B'),
('2008-08-09', 2, 'B'),
('2008-08-09', 3, 'B'),
('2008-08-10', 1, 'B'),
('2008-08-10', 2, 'B'),
('2008-08-10', 3, 'B'),
('2008-08-11', 1, 'B'),
('2008-08-11', 2, 'B'),
('2008-08-11', 3, 'B'),
('2008-08-12', 1, 'B'),
('2008-08-12', 2, 'B'),
('2008-08-12', 3, 'B'),
('2008-08-13', 1, 'B'),
('2008-08-13', 2, 'B'),
('2008-08-13', 3, 'B'),
('2008-08-14', 1, 'B'),
('2008-08-14', 2, 'B'),
('2008-08-14', 3, 'B'),
('2008-08-15', 1, 'B'),
('2008-08-15', 2, 'B'),
('2008-08-15', 3, 'B'),
('2008-08-16', 1, 'B'),
('2008-08-16', 2, 'B'),
('2008-08-16', 3, 'B'),
('2008-08-17', 1, 'B'),
('2008-08-17', 2, 'B'),
('2008-08-17', 3, 'B'),
('2008-08-18', 1, 'B'),
('2008-08-18', 2, 'B'),
('2008-08-18', 3, 'B'),
('2008-08-19', 1, 'B'),
('2008-08-19', 2, 'B'),
('2008-08-19', 3, 'B'),
('2008-08-20', 1, 'B'),
('2008-08-20', 2, 'B'),
('2008-08-20', 3, 'B'),
('2008-08-21', 1, 'B'),
('2008-08-21', 2, 'B'),
('2008-08-21', 3, 'B'),
('2008-08-22', 1, 'B'),
('2008-08-22', 2, 'B'),
('2008-08-22', 3, 'B'),
('2008-08-23', 1, 'B'),
('2008-08-23', 2, 'B'),
('2008-08-23', 3, 'B'),
('2008-08-24', 1, 'B'),
('2008-08-24', 2, 'B'),
('2008-08-24', 3, 'B'),
('2008-08-25', 1, 'B'),
('2008-08-25', 2, 'B'),
('2008-08-25', 3, 'B'),
('2008-08-26', 1, 'B'),
('2008-08-26', 2, 'B'),
('2008-08-26', 3, 'B'),
('2008-08-27', 1, 'B'),
('2008-08-27', 2, 'B'),
('2008-08-27', 3, 'B'),
('2008-08-28', 1, 'B'),
('2008-08-28', 2, 'B'),
('2008-08-28', 3, 'B'),
('2008-08-29', 1, 'B'),
('2008-08-29', 2, 'B'),
('2008-08-29', 3, 'B'),
('2008-08-30', 1, 'B'),
('2008-08-30', 2, 'B'),
('2008-08-30', 3, 'B'),
('2008-08-31', 1, 'B'),
('2008-08-31', 2, 'B'),
('2008-08-31', 3, 'B'),
('2008-09-01', 1, 'B'),
('2008-09-01', 2, 'B'),
('2008-09-01', 3, 'B'),
('2008-09-02', 1, 'B'),
('2008-09-02', 2, 'B'),
('2008-09-02', 3, 'B'),
('2008-09-03', 1, 'B'),
('2008-09-03', 2, 'B'),
('2008-09-03', 3, 'B'),
('2008-09-04', 1, 'B'),
('2008-09-04', 2, 'B'),
('2008-09-04', 3, 'B'),
('2008-09-05', 1, 'B'),
('2008-09-05', 2, 'B'),
('2008-09-05', 3, 'B'),
('2008-09-06', 1, 'B'),
('2008-09-06', 2, 'B'),
('2008-09-06', 3, 'B'),
('2008-09-07', 1, 'B'),
('2008-09-07', 2, 'B'),
('2008-09-07', 3, 'B'),
('2008-09-08', 1, 'B'),
('2008-09-08', 2, 'B'),
('2008-09-08', 3, 'B'),
('2008-09-09', 1, 'B'),
('2008-09-09', 2, 'B'),
('2008-09-09', 3, 'B'),
('2008-09-10', 1, 'B'),
('2008-09-10', 2, 'B'),
('2008-09-10', 3, 'B'),
('2008-09-11', 1, 'B'),
('2008-09-11', 2, 'B'),
('2008-09-11', 3, 'B'),
('2008-09-12', 1, 'B'),
('2008-09-12', 2, 'B'),
('2008-09-12', 3, 'B'),
('2008-09-13', 1, 'B'),
('2008-09-13', 2, 'B'),
('2008-09-13', 3, 'B'),
('2008-09-14', 1, 'B'),
('2008-09-14', 2, 'B'),
('2008-09-14', 3, 'B'),
('2008-09-15', 1, 'B'),
('2008-09-15', 2, 'B'),
('2008-09-15', 3, 'B'),
('2008-09-16', 1, 'B'),
('2008-09-16', 2, 'B'),
('2008-09-16', 3, 'B'),
('2008-09-17', 1, 'B'),
('2008-09-17', 2, 'B'),
('2008-09-17', 3, 'B'),
('2008-09-18', 1, 'B'),
('2008-09-18', 2, 'B'),
('2008-09-18', 3, 'B'),
('2008-09-19', 1, 'B'),
('2008-09-19', 2, 'B'),
('2008-09-19', 3, 'B'),
('2008-09-20', 1, 'B'),
('2008-09-20', 2, 'B'),
('2008-09-20', 3, 'B'),
('2008-09-21', 1, 'B'),
('2008-09-21', 2, 'B'),
('2008-09-21', 3, 'B'),
('2008-09-22', 1, 'B'),
('2008-09-22', 2, 'B'),
('2008-09-22', 3, 'B'),
('2008-09-23', 1, 'B'),
('2008-09-23', 2, 'B'),
('2008-09-23', 3, 'B'),
('2008-09-24', 1, 'B'),
('2008-09-24', 2, 'B'),
('2008-09-24', 3, 'B'),
('2008-09-25', 1, 'B'),
('2008-09-25', 2, 'B'),
('2008-09-25', 3, 'B'),
('2008-09-26', 1, 'B'),
('2008-09-26', 2, 'B'),
('2008-09-26', 3, 'B'),
('2008-09-27', 1, 'B'),
('2008-09-27', 2, 'B'),
('2008-09-27', 3, 'B'),
('2008-09-28', 1, 'B'),
('2008-09-28', 2, 'B'),
('2008-09-28', 3, 'B'),
('2008-09-29', 1, 'B'),
('2008-09-29', 2, 'B'),
('2008-09-29', 3, 'B'),
('2008-09-30', 1, 'B'),
('2008-09-30', 2, 'B'),
('2008-09-30', 3, 'B'),
('2008-10-01', 1, 'B'),
('2008-10-01', 2, 'B'),
('2008-10-01', 3, 'B'),
('2008-10-02', 1, 'B'),
('2008-10-02', 2, 'B'),
('2008-10-02', 3, 'B'),
('2008-10-03', 1, 'B'),
('2008-10-03', 2, 'B'),
('2008-10-03', 3, 'B'),
('2008-10-04', 1, 'B'),
('2008-10-04', 2, 'B'),
('2008-10-04', 3, 'B'),
('2008-10-05', 1, 'B'),
('2008-10-05', 2, 'B'),
('2008-10-05', 3, 'B'),
('2008-10-06', 1, 'B'),
('2008-10-06', 2, 'B'),
('2008-10-06', 3, 'B'),
('2008-10-07', 1, 'B'),
('2008-10-07', 2, 'B'),
('2008-10-07', 3, 'B'),
('2008-10-08', 1, 'B'),
('2008-10-08', 2, 'B'),
('2008-10-08', 3, 'B'),
('2008-10-09', 1, 'B'),
('2008-10-09', 2, 'B'),
('2008-10-09', 3, 'B'),
('2008-10-10', 1, 'B'),
('2008-10-10', 2, 'B'),
('2008-10-10', 3, 'B'),
('2008-10-11', 1, 'B'),
('2008-10-11', 2, 'B'),
('2008-10-11', 3, 'B'),
('2008-10-12', 1, 'B'),
('2008-10-12', 2, 'B'),
('2008-10-12', 3, 'B'),
('2008-10-13', 1, 'B'),
('2008-10-13', 2, 'B'),
('2008-10-13', 3, 'B'),
('2008-10-14', 1, 'B'),
('2008-10-14', 2, 'B'),
('2008-10-14', 3, 'B'),
('2008-10-15', 1, 'B'),
('2008-10-15', 2, 'B'),
('2008-10-15', 3, 'B'),
('2008-10-16', 1, 'B'),
('2008-10-16', 2, 'B'),
('2008-10-16', 3, 'B'),
('2008-10-17', 1, 'B'),
('2008-10-17', 2, 'B'),
('2008-10-17', 3, 'B'),
('2008-10-18', 1, 'B'),
('2008-10-18', 2, 'B'),
('2008-10-18', 3, 'B'),
('2008-10-19', 1, 'B'),
('2008-10-19', 2, 'B'),
('2008-10-19', 3, 'B'),
('2008-10-20', 1, 'B'),
('2008-10-20', 2, 'B'),
('2008-10-20', 3, 'B'),
('2008-10-21', 1, 'B'),
('2008-10-21', 2, 'B'),
('2008-10-21', 3, 'B'),
('2008-10-22', 1, 'B'),
('2008-10-22', 2, 'B'),
('2008-10-22', 3, 'B'),
('2008-10-23', 1, 'B'),
('2008-10-23', 2, 'B'),
('2008-10-23', 3, 'B'),
('2008-10-24', 1, 'B'),
('2008-10-24', 2, 'B'),
('2008-10-24', 3, 'B'),
('2008-10-25', 1, 'B'),
('2008-10-25', 2, 'B'),
('2008-10-25', 3, 'B'),
('2008-10-26', 1, 'B'),
('2008-10-26', 2, 'B'),
('2008-10-26', 3, 'B'),
('2008-10-27', 1, 'B'),
('2008-10-27', 2, 'B'),
('2008-10-27', 3, 'B'),
('2008-10-28', 1, 'B'),
('2008-10-28', 2, 'B'),
('2008-10-28', 3, 'B'),
('2008-10-29', 1, 'B'),
('2008-10-29', 2, 'B'),
('2008-10-29', 3, 'B'),
('2008-10-30', 1, 'B'),
('2008-10-30', 2, 'B'),
('2008-10-30', 3, 'B'),
('2008-10-31', 1, 'B'),
('2008-10-31', 2, 'B'),
('2008-10-31', 3, 'B'),
('2008-11-01', 1, 'B'),
('2008-11-01', 2, 'B'),
('2008-11-01', 3, 'B'),
('2008-11-02', 1, 'B'),
('2008-11-02', 2, 'B'),
('2008-11-02', 3, 'B'),
('2008-11-03', 1, 'B'),
('2008-11-03', 2, 'B'),
('2008-11-03', 3, 'B'),
('2008-11-04', 1, 'B'),
('2008-11-04', 2, 'B'),
('2008-11-04', 3, 'B'),
('2008-11-05', 1, 'B'),
('2008-11-05', 2, 'B'),
('2008-11-05', 3, 'B'),
('2008-11-06', 1, 'B'),
('2008-11-06', 2, 'B'),
('2008-11-06', 3, 'B'),
('2008-11-07', 1, 'B'),
('2008-11-07', 2, 'B'),
('2008-11-07', 3, 'B'),
('2008-11-08', 1, 'B'),
('2008-11-08', 2, 'B'),
('2008-11-08', 3, 'B'),
('2008-11-09', 1, 'B'),
('2008-11-09', 2, 'B'),
('2008-11-09', 3, 'B'),
('2008-11-10', 1, 'B'),
('2008-11-10', 2, 'B'),
('2008-11-10', 3, 'B'),
('2008-11-11', 1, 'B'),
('2008-11-11', 2, 'B'),
('2008-11-11', 3, 'B'),
('2008-11-12', 1, 'B'),
('2008-11-12', 2, 'B'),
('2008-11-12', 3, 'B'),
('2008-11-13', 1, 'B'),
('2008-11-13', 2, 'B'),
('2008-11-13', 3, 'B'),
('2008-11-14', 1, 'B'),
('2008-11-14', 2, 'B'),
('2008-11-14', 3, 'B'),
('2008-11-15', 1, 'B'),
('2008-11-15', 2, 'B'),
('2008-11-15', 3, 'B'),
('2008-11-16', 1, 'B'),
('2008-11-16', 2, 'B'),
('2008-11-16', 3, 'B'),
('2008-11-17', 1, 'B'),
('2008-11-17', 2, 'B'),
('2008-11-17', 3, 'B'),
('2008-11-18', 1, 'B'),
('2008-11-18', 2, 'B'),
('2008-11-18', 3, 'B'),
('2008-11-19', 1, 'B'),
('2008-11-19', 2, 'B'),
('2008-11-19', 3, 'B'),
('2008-11-20', 1, 'B'),
('2008-11-20', 2, 'B'),
('2008-11-20', 3, 'B'),
('2008-11-21', 1, 'B'),
('2008-11-21', 2, 'B'),
('2008-11-21', 3, 'B'),
('2008-11-22', 1, 'B'),
('2008-11-22', 2, 'B'),
('2008-11-22', 3, 'B'),
('2008-11-23', 1, 'B'),
('2008-11-23', 2, 'B'),
('2008-11-23', 3, 'B'),
('2008-11-24', 1, 'B'),
('2008-11-24', 2, 'B'),
('2008-11-24', 3, 'B'),
('2008-11-25', 1, 'B'),
('2008-11-25', 2, 'B'),
('2008-11-25', 3, 'B'),
('2008-11-26', 1, 'B'),
('2008-11-26', 2, 'B'),
('2008-11-26', 3, 'B'),
('2008-11-27', 1, 'B'),
('2008-11-27', 2, 'B'),
('2008-11-27', 3, 'B'),
('2008-11-28', 1, 'B'),
('2008-11-28', 2, 'B'),
('2008-11-28', 3, 'B'),
('2008-11-29', 1, 'B'),
('2008-11-29', 2, 'B'),
('2008-11-29', 3, 'B'),
('2008-11-30', 1, 'B'),
('2008-11-30', 2, 'B'),
('2008-11-30', 3, 'B'),
('2008-12-01', 1, 'B'),
('2008-12-01', 2, 'B'),
('2008-12-01', 3, 'B'),
('2008-12-02', 1, 'B'),
('2008-12-02', 2, 'B'),
('2008-12-02', 3, 'B'),
('2008-12-03', 1, 'B'),
('2008-12-03', 2, 'B'),
('2008-12-03', 3, 'B'),
('2008-12-04', 1, 'B'),
('2008-12-04', 2, 'B'),
('2008-12-04', 3, 'B'),
('2008-12-05', 1, 'B'),
('2008-12-05', 2, 'B'),
('2008-12-05', 3, 'B'),
('2008-12-06', 1, 'B'),
('2008-12-06', 2, 'B'),
('2008-12-06', 3, 'B'),
('2008-12-07', 1, 'B'),
('2008-12-07', 2, 'B'),
('2008-12-07', 3, 'B'),
('2008-12-08', 1, 'B'),
('2008-12-08', 2, 'B'),
('2008-12-08', 3, 'B'),
('2008-12-09', 1, 'B'),
('2008-12-09', 2, 'B'),
('2008-12-09', 3, 'B'),
('2008-12-10', 1, 'B'),
('2008-12-10', 2, 'B'),
('2008-12-10', 3, 'B'),
('2008-12-11', 1, 'B'),
('2008-12-11', 2, 'B'),
('2008-12-11', 3, 'B'),
('2008-12-12', 1, 'B'),
('2008-12-12', 2, 'B'),
('2008-12-12', 3, 'B'),
('2008-12-13', 1, 'B'),
('2008-12-13', 2, 'B'),
('2008-12-13', 3, 'B'),
('2008-12-14', 1, 'B'),
('2008-12-14', 2, 'B'),
('2008-12-14', 3, 'B'),
('2008-12-15', 1, 'B'),
('2008-12-15', 2, 'B'),
('2008-12-15', 3, 'B'),
('2008-12-16', 1, 'B'),
('2008-12-16', 2, 'B'),
('2008-12-16', 3, 'B'),
('2008-12-17', 1, 'B'),
('2008-12-17', 2, 'B'),
('2008-12-17', 3, 'B'),
('2008-12-18', 1, 'B'),
('2008-12-18', 2, 'B'),
('2008-12-18', 3, 'B'),
('2008-12-19', 1, 'B'),
('2008-12-19', 2, 'B'),
('2008-12-19', 3, 'B'),
('2008-12-20', 1, 'B'),
('2008-12-20', 2, 'B'),
('2008-12-20', 3, 'B'),
('2008-12-21', 1, 'B'),
('2008-12-21', 2, 'B'),
('2008-12-21', 3, 'B'),
('2008-12-22', 1, 'B'),
('2008-12-22', 2, 'B'),
('2008-12-22', 3, 'B'),
('2008-12-23', 1, 'B'),
('2008-12-23', 2, 'B'),
('2008-12-23', 3, 'B'),
('2008-12-24', 1, 'B'),
('2008-12-24', 2, 'B'),
('2008-12-24', 3, 'B'),
('2008-12-25', 1, 'B'),
('2008-12-25', 2, 'B'),
('2008-12-25', 3, 'B'),
('2008-12-26', 1, 'B'),
('2008-12-26', 2, 'B'),
('2008-12-26', 3, 'B'),
('2008-12-27', 1, 'B'),
('2008-12-27', 2, 'B'),
('2008-12-27', 3, 'B'),
('2008-12-28', 1, 'B'),
('2008-12-28', 2, 'B'),
('2008-12-28', 3, 'B'),
('2008-12-29', 1, 'B'),
('2008-12-29', 2, 'B'),
('2008-12-29', 3, 'B'),
('2008-12-30', 1, 'B'),
('2008-12-30', 2, 'B'),
('2008-12-30', 3, 'B'),
('2008-12-31', 1, 'B'),
('2008-12-31', 2, 'B'),
('2008-12-31', 3, 'B'),
('2009-01-01', 1, 'B'),
('2009-01-01', 2, 'B'),
('2009-01-01', 3, 'B'),
('2009-01-02', 1, 'B'),
('2009-01-02', 2, 'B'),
('2009-01-02', 3, 'B'),
('2009-01-03', 1, 'B'),
('2009-01-03', 2, 'B'),
('2009-01-03', 3, 'B'),
('2009-01-04', 1, 'B'),
('2009-01-04', 2, 'B'),
('2009-01-04', 3, 'B'),
('2009-01-05', 1, 'B'),
('2009-01-05', 2, 'B'),
('2009-01-05', 3, 'B'),
('2009-01-06', 1, 'B'),
('2009-01-06', 2, 'B'),
('2009-01-06', 3, 'B'),
('2009-01-07', 1, 'B'),
('2009-01-07', 2, 'B'),
('2009-01-07', 3, 'B'),
('2009-01-08', 1, 'B'),
('2009-01-08', 2, 'B'),
('2009-01-08', 3, 'B'),
('2009-01-09', 1, 'B'),
('2009-01-09', 2, 'B'),
('2009-01-09', 3, 'B'),
('2009-01-10', 1, 'B'),
('2009-01-10', 2, 'B'),
('2009-01-10', 3, 'B'),
('2009-01-11', 1, 'B'),
('2009-01-11', 2, 'B'),
('2009-01-11', 3, 'B'),
('2009-01-12', 1, 'B'),
('2009-01-12', 2, 'B'),
('2009-01-12', 3, 'B'),
('2009-01-13', 1, 'B'),
('2009-01-13', 2, 'B'),
('2009-01-13', 3, 'B'),
('2009-01-14', 1, 'B'),
('2009-01-14', 2, 'B'),
('2009-01-14', 3, 'B'),
('2009-01-15', 1, 'B'),
('2009-01-15', 2, 'B'),
('2009-01-15', 3, 'B'),
('2009-01-16', 1, 'B'),
('2009-01-16', 2, 'B'),
('2009-01-16', 3, 'B'),
('2009-01-17', 1, 'B'),
('2009-01-17', 2, 'B'),
('2009-01-17', 3, 'B'),
('2009-01-18', 1, 'B'),
('2009-01-18', 2, 'B'),
('2009-01-18', 3, 'B'),
('2009-01-19', 1, 'B'),
('2009-01-19', 2, 'B'),
('2009-01-19', 3, 'B'),
('2009-01-20', 1, 'B'),
('2009-01-20', 2, 'B'),
('2009-01-20', 3, 'B'),
('2009-01-21', 1, 'B'),
('2009-01-21', 2, 'B'),
('2009-01-21', 3, 'B'),
('2009-01-22', 1, 'B'),
('2009-01-22', 2, 'B'),
('2009-01-22', 3, 'B'),
('2009-01-23', 1, 'B'),
('2009-01-23', 2, 'B'),
('2009-01-23', 3, 'B'),
('2009-01-24', 1, 'B'),
('2009-01-24', 2, 'B'),
('2009-01-24', 3, 'B'),
('2009-01-25', 1, 'B'),
('2009-01-25', 2, 'B'),
('2009-01-25', 3, 'B'),
('2009-01-26', 1, 'B'),
('2009-01-26', 2, 'B'),
('2009-01-26', 3, 'B'),
('2009-01-27', 1, 'B'),
('2009-01-27', 2, 'B'),
('2009-01-27', 3, 'B'),
('2009-01-28', 1, 'B'),
('2009-01-28', 2, 'B'),
('2009-01-28', 3, 'B'),
('2009-01-29', 1, 'B'),
('2009-01-29', 2, 'B'),
('2009-01-29', 3, 'B'),
('2009-01-30', 1, 'B'),
('2009-01-30', 2, 'B'),
('2009-01-30', 3, 'B'),
('2009-01-31', 1, 'B'),
('2009-01-31', 2, 'B'),
('2009-01-31', 3, 'B'),
('2009-02-01', 1, 'B'),
('2009-02-01', 2, 'B'),
('2009-02-01', 3, 'B'),
('2009-02-02', 1, 'B'),
('2009-02-02', 2, 'B'),
('2009-02-02', 3, 'B'),
('2009-02-03', 1, 'B'),
('2009-02-03', 2, 'B'),
('2009-02-03', 3, 'B'),
('2009-02-04', 1, 'B'),
('2009-02-04', 2, 'B'),
('2009-02-04', 3, 'B'),
('2009-02-05', 1, 'B'),
('2009-02-05', 2, 'B'),
('2009-02-05', 3, 'B'),
('2009-02-06', 1, 'B'),
('2009-02-06', 2, 'B'),
('2009-02-06', 3, 'B'),
('2009-02-07', 1, 'B'),
('2009-02-07', 2, 'B'),
('2009-02-07', 3, 'B'),
('2009-02-08', 1, 'B'),
('2009-02-08', 2, 'B'),
('2009-02-08', 3, 'B'),
('2009-02-09', 1, 'B'),
('2009-02-09', 2, 'B'),
('2009-02-09', 3, 'B'),
('2009-02-10', 1, 'B'),
('2009-02-10', 2, 'B'),
('2009-02-10', 3, 'B'),
('2009-02-11', 1, 'B'),
('2009-02-11', 2, 'B'),
('2009-02-11', 3, 'B'),
('2009-02-12', 1, 'B'),
('2009-02-12', 2, 'B'),
('2009-02-12', 3, 'B'),
('2009-02-13', 1, 'B'),
('2009-02-13', 2, 'B'),
('2009-02-13', 3, 'B'),
('2009-02-14', 1, 'B'),
('2009-02-14', 2, 'B'),
('2009-02-14', 3, 'B'),
('2009-02-15', 1, 'B'),
('2009-02-15', 2, 'B'),
('2009-02-15', 3, 'B'),
('2009-02-16', 1, 'B'),
('2009-02-16', 2, 'B'),
('2009-02-16', 3, 'B'),
('2009-02-17', 1, 'B'),
('2009-02-17', 2, 'B'),
('2009-02-17', 3, 'B'),
('2009-02-18', 1, 'B'),
('2009-02-18', 2, 'B'),
('2009-02-18', 3, 'B'),
('2009-02-19', 1, 'B'),
('2009-02-19', 2, 'B'),
('2009-02-19', 3, 'B'),
('2009-02-20', 1, 'B'),
('2009-02-20', 2, 'B'),
('2009-02-20', 3, 'B'),
('2009-02-21', 1, 'B'),
('2009-02-21', 2, 'B'),
('2009-02-21', 3, 'B'),
('2009-02-22', 1, 'B'),
('2009-02-22', 2, 'B'),
('2009-02-22', 3, 'B'),
('2009-02-23', 1, 'B'),
('2009-02-23', 2, 'B'),
('2009-02-23', 3, 'B'),
('2009-02-24', 1, 'B'),
('2009-02-24', 2, 'B'),
('2009-02-24', 3, 'B'),
('2009-02-25', 1, 'B'),
('2009-02-25', 2, 'B'),
('2009-02-25', 3, 'B'),
('2009-02-26', 1, 'B'),
('2009-02-26', 2, 'B'),
('2009-02-26', 3, 'B'),
('2009-02-27', 1, 'B'),
('2009-02-27', 2, 'B'),
('2009-02-27', 3, 'B'),
('2009-02-28', 1, 'B'),
('2009-02-28', 2, 'B'),
('2009-02-28', 3, 'B'),
('2009-03-01', 1, 'B'),
('2009-03-01', 2, 'B'),
('2009-03-01', 3, 'B'),
('2009-03-02', 1, 'B'),
('2009-03-02', 2, 'B'),
('2009-03-02', 3, 'B'),
('2009-03-03', 1, 'B'),
('2009-03-03', 2, 'B'),
('2009-03-03', 3, 'B'),
('2009-03-04', 1, 'B'),
('2009-03-04', 2, 'B'),
('2009-03-04', 3, 'B'),
('2009-03-05', 1, 'B'),
('2009-03-05', 2, 'B'),
('2009-03-05', 3, 'B'),
('2009-03-06', 1, 'B'),
('2009-03-06', 2, 'B'),
('2009-03-06', 3, 'B'),
('2009-03-07', 1, 'B'),
('2009-03-07', 2, 'B'),
('2009-03-07', 3, 'B'),
('2009-03-08', 1, 'B'),
('2009-03-08', 2, 'B'),
('2009-03-08', 3, 'B'),
('2009-03-09', 1, 'B'),
('2009-03-09', 2, 'B'),
('2009-03-09', 3, 'B'),
('2009-03-10', 1, 'B'),
('2009-03-10', 2, 'B'),
('2009-03-10', 3, 'B'),
('2009-03-11', 1, 'B'),
('2009-03-11', 2, 'B'),
('2009-03-11', 3, 'B'),
('2009-03-12', 1, 'B'),
('2009-03-12', 2, 'B'),
('2009-03-12', 3, 'B'),
('2009-03-13', 1, 'B'),
('2009-03-13', 2, 'B'),
('2009-03-13', 3, 'B'),
('2009-03-14', 1, 'B'),
('2009-03-14', 2, 'B'),
('2009-03-14', 3, 'B'),
('2009-03-15', 1, 'B'),
('2009-03-15', 2, 'B'),
('2009-03-15', 3, 'B'),
('2009-03-16', 1, 'B'),
('2009-03-16', 2, 'B'),
('2009-03-16', 3, 'B'),
('2009-03-17', 1, 'B'),
('2009-03-17', 2, 'B'),
('2009-03-17', 3, 'B'),
('2009-03-18', 1, 'B'),
('2009-03-18', 2, 'B'),
('2009-03-18', 3, 'B'),
('2009-03-19', 1, 'B'),
('2009-03-19', 2, 'B'),
('2009-03-19', 3, 'B'),
('2009-03-20', 1, 'B'),
('2009-03-20', 2, 'B'),
('2009-03-20', 3, 'B'),
('2009-03-21', 1, 'B'),
('2009-03-21', 2, 'B'),
('2009-03-21', 3, 'B'),
('2009-03-22', 1, 'B'),
('2009-03-22', 2, 'B'),
('2009-03-22', 3, 'B'),
('2009-03-23', 1, 'B'),
('2009-03-23', 2, 'B'),
('2009-03-23', 3, 'B'),
('2009-03-24', 1, 'B'),
('2009-03-24', 2, 'B'),
('2009-03-24', 3, 'B'),
('2009-03-25', 1, 'B'),
('2009-03-25', 2, 'B'),
('2009-03-25', 3, 'B'),
('2009-03-26', 1, 'B'),
('2009-03-26', 2, 'B'),
('2009-03-26', 3, 'B'),
('2009-03-27', 1, 'B'),
('2009-03-27', 2, 'B'),
('2009-03-27', 3, 'B'),
('2009-03-28', 1, 'B'),
('2009-03-28', 2, 'B'),
('2009-03-28', 3, 'B'),
('2009-03-29', 1, 'B'),
('2009-03-29', 2, 'B'),
('2009-03-29', 3, 'B'),
('2009-03-30', 1, 'B'),
('2009-03-30', 2, 'B'),
('2009-03-30', 3, 'B'),
('2009-03-31', 1, 'B'),
('2009-03-31', 2, 'B'),
('2009-03-31', 3, 'B'),
('2009-04-01', 1, 'B'),
('2009-04-01', 2, 'B'),
('2009-04-01', 3, 'B'),
('2009-04-02', 1, 'B'),
('2009-04-02', 2, 'B'),
('2009-04-02', 3, 'B'),
('2009-04-03', 1, 'B'),
('2009-04-03', 2, 'B'),
('2009-04-03', 3, 'B'),
('2009-04-04', 1, 'B'),
('2009-04-04', 2, 'B'),
('2009-04-04', 3, 'B'),
('2009-04-05', 1, 'B'),
('2009-04-05', 2, 'B'),
('2009-04-05', 3, 'B'),
('2009-04-06', 1, 'B'),
('2009-04-06', 2, 'B'),
('2009-04-06', 3, 'B'),
('2009-04-07', 1, 'B'),
('2009-04-07', 2, 'B'),
('2009-04-07', 3, 'B'),
('2009-04-08', 1, 'B'),
('2009-04-08', 2, 'B'),
('2009-04-08', 3, 'B'),
('2009-04-09', 1, 'B'),
('2009-04-09', 2, 'B'),
('2009-04-09', 3, 'B'),
('2009-04-10', 1, 'B'),
('2009-04-10', 2, 'B'),
('2009-04-10', 3, 'B'),
('2009-04-11', 1, 'B'),
('2009-04-11', 2, 'B'),
('2009-04-11', 3, 'B'),
('2009-04-12', 1, 'B'),
('2009-04-12', 2, 'B'),
('2009-04-12', 3, 'B'),
('2009-04-13', 1, 'B'),
('2009-04-13', 2, 'B'),
('2009-04-13', 3, 'B'),
('2009-04-14', 1, 'B'),
('2009-04-14', 2, 'B'),
('2009-04-14', 3, 'B'),
('2009-04-15', 1, 'B'),
('2009-04-15', 2, 'B'),
('2009-04-15', 3, 'B'),
('2009-04-16', 1, 'B'),
('2009-04-16', 2, 'B'),
('2009-04-16', 3, 'B'),
('2009-04-17', 1, 'B'),
('2009-04-17', 2, 'B'),
('2009-04-17', 3, 'B'),
('2009-04-18', 1, 'B'),
('2009-04-18', 2, 'B'),
('2009-04-18', 3, 'B'),
('2009-04-19', 1, 'B'),
('2009-04-19', 2, 'B'),
('2009-04-19', 3, 'B'),
('2009-04-20', 1, 'B'),
('2009-04-20', 2, 'B'),
('2009-04-20', 3, 'B'),
('2009-04-21', 1, 'B'),
('2009-04-21', 2, 'B'),
('2009-04-21', 3, 'B'),
('2009-04-22', 1, 'B'),
('2009-04-22', 2, 'B'),
('2009-04-22', 3, 'B'),
('2009-04-23', 1, 'B'),
('2009-04-23', 2, 'B'),
('2009-04-23', 3, 'B'),
('2009-04-24', 1, 'B'),
('2009-04-24', 2, 'B'),
('2009-04-24', 3, 'B'),
('2009-04-25', 1, 'B'),
('2009-04-25', 2, 'B'),
('2009-04-25', 3, 'B'),
('2009-04-26', 1, 'B'),
('2009-04-26', 2, 'B'),
('2009-04-26', 3, 'B'),
('2009-04-27', 1, 'B'),
('2009-04-27', 2, 'B'),
('2009-04-27', 3, 'B'),
('2009-04-28', 1, 'B'),
('2009-04-28', 2, 'B'),
('2009-04-28', 3, 'B'),
('2009-04-29', 1, 'B'),
('2009-04-29', 2, 'B'),
('2009-04-29', 3, 'B'),
('2009-04-30', 1, 'B'),
('2009-04-30', 2, 'B'),
('2009-04-30', 3, 'B'),
('2009-05-01', 1, 'B'),
('2009-05-01', 2, 'B'),
('2009-05-01', 3, 'B'),
('2009-05-02', 1, 'B'),
('2009-05-02', 2, 'B'),
('2009-05-02', 3, 'B'),
('2009-05-03', 1, 'B'),
('2009-05-03', 2, 'B'),
('2009-05-03', 3, 'B'),
('2009-05-04', 1, 'B'),
('2009-05-04', 2, 'B'),
('2009-05-04', 3, 'B'),
('2009-05-05', 1, 'B'),
('2009-05-05', 2, 'B'),
('2009-05-05', 3, 'B'),
('2009-05-06', 1, 'B'),
('2009-05-06', 2, 'B'),
('2009-05-06', 3, 'B'),
('2009-05-07', 1, 'B'),
('2009-05-07', 2, 'B'),
('2009-05-07', 3, 'B'),
('2009-05-08', 1, 'B'),
('2009-05-08', 2, 'B'),
('2009-05-08', 3, 'B'),
('2009-05-09', 1, 'B'),
('2009-05-09', 2, 'B'),
('2009-05-09', 3, 'B'),
('2009-05-10', 1, 'B'),
('2009-05-10', 2, 'B'),
('2009-05-10', 3, 'B'),
('2009-05-11', 1, 'B'),
('2009-05-11', 2, 'B'),
('2009-05-11', 3, 'B'),
('2009-05-12', 1, 'B'),
('2009-05-12', 2, 'B'),
('2009-05-12', 3, 'B'),
('2009-05-13', 1, 'B'),
('2009-05-13', 2, 'B'),
('2009-05-13', 3, 'B'),
('2009-05-14', 1, 'B'),
('2009-05-14', 2, 'B'),
('2009-05-14', 3, 'B'),
('2009-05-15', 1, 'B'),
('2009-05-15', 2, 'B'),
('2009-05-15', 3, 'B'),
('2009-05-16', 1, 'B'),
('2009-05-16', 2, 'B'),
('2009-05-16', 3, 'B'),
('2009-05-17', 1, 'B'),
('2009-05-17', 2, 'B'),
('2009-05-17', 3, 'B'),
('2009-05-18', 1, 'B'),
('2009-05-18', 2, 'B'),
('2009-05-18', 3, 'B'),
('2009-05-19', 1, 'B'),
('2009-05-19', 2, 'B'),
('2009-05-19', 3, 'B'),
('2009-05-20', 1, 'B'),
('2009-05-20', 2, 'B'),
('2009-05-20', 3, 'B'),
('2009-05-21', 1, 'B'),
('2009-05-21', 2, 'B'),
('2009-05-21', 3, 'B'),
('2009-05-22', 1, 'B'),
('2009-05-22', 2, 'B'),
('2009-05-22', 3, 'B'),
('2009-05-23', 1, 'B'),
('2009-05-23', 2, 'B'),
('2009-05-23', 3, 'B'),
('2009-05-24', 1, 'B'),
('2009-05-24', 2, 'B'),
('2009-05-24', 3, 'B'),
('2009-05-25', 1, 'B'),
('2009-05-25', 2, 'B'),
('2009-05-25', 3, 'B'),
('2009-05-26', 1, 'B'),
('2009-05-26', 2, 'B'),
('2009-05-26', 3, 'B'),
('2009-05-27', 1, 'B'),
('2009-05-27', 2, 'B'),
('2009-05-27', 3, 'B'),
('2009-05-28', 1, 'B'),
('2009-05-28', 2, 'B'),
('2009-05-28', 3, 'B'),
('2009-05-29', 1, 'B'),
('2009-05-29', 2, 'B'),
('2009-05-29', 3, 'B'),
('2009-05-30', 1, 'B'),
('2009-05-30', 2, 'B'),
('2009-05-30', 3, 'B'),
('2009-05-31', 1, 'B'),
('2009-05-31', 2, 'B'),
('2009-05-31', 3, 'B'),
('2009-06-01', 1, 'B'),
('2009-06-01', 2, 'B'),
('2009-06-01', 3, 'B'),
('2009-06-02', 1, 'B'),
('2009-06-02', 2, 'B'),
('2009-06-02', 3, 'B'),
('2009-06-03', 1, 'B'),
('2009-06-03', 2, 'B'),
('2009-06-03', 3, 'B'),
('2009-06-04', 1, 'B'),
('2009-06-04', 2, 'B'),
('2009-06-04', 3, 'B'),
('2009-06-05', 1, 'B'),
('2009-06-05', 2, 'B'),
('2009-06-05', 3, 'B'),
('2009-06-06', 1, 'B'),
('2009-06-06', 2, 'B'),
('2009-06-06', 3, 'B'),
('2009-06-07', 1, 'B'),
('2009-06-07', 2, 'B'),
('2009-06-07', 3, 'B'),
('2009-06-08', 1, 'B'),
('2009-06-08', 2, 'B'),
('2009-06-08', 3, 'B'),
('2009-06-09', 1, 'B'),
('2009-06-09', 2, 'B'),
('2009-06-09', 3, 'B'),
('2009-06-10', 1, 'B'),
('2009-06-10', 2, 'B'),
('2009-06-10', 3, 'B'),
('2009-06-11', 1, 'B'),
('2009-06-11', 2, 'B'),
('2009-06-11', 3, 'B'),
('2009-06-12', 1, 'B'),
('2009-06-12', 2, 'B'),
('2009-06-12', 3, 'B'),
('2009-06-13', 1, 'B'),
('2009-06-13', 2, 'B'),
('2009-06-13', 3, 'B'),
('2009-06-14', 1, 'B'),
('2009-06-14', 2, 'B'),
('2009-06-14', 3, 'B'),
('2009-06-15', 1, 'B'),
('2009-06-15', 2, 'B'),
('2009-06-15', 3, 'B'),
('2009-06-16', 1, 'B'),
('2009-06-16', 2, 'B'),
('2009-06-16', 3, 'B'),
('2009-06-17', 1, 'B'),
('2009-06-17', 2, 'B'),
('2009-06-17', 3, 'B'),
('2009-06-18', 1, 'B'),
('2009-06-18', 2, 'B'),
('2009-06-18', 3, 'B'),
('2009-06-19', 1, 'B'),
('2009-06-19', 2, 'B'),
('2009-06-19', 3, 'B'),
('2009-06-20', 1, 'B'),
('2009-06-20', 2, 'B'),
('2009-06-20', 3, 'B'),
('2009-06-21', 1, 'B'),
('2009-06-21', 2, 'B'),
('2009-06-21', 3, 'B'),
('2009-06-22', 1, 'B'),
('2009-06-22', 2, 'B'),
('2009-06-22', 3, 'B'),
('2009-06-23', 1, 'B'),
('2009-06-23', 2, 'B'),
('2009-06-23', 3, 'B'),
('2009-06-24', 1, 'B'),
('2009-06-24', 2, 'B'),
('2009-06-24', 3, 'B'),
('2009-06-25', 1, 'B'),
('2009-06-25', 2, 'B'),
('2009-06-25', 3, 'B'),
('2009-06-26', 1, 'B'),
('2009-06-26', 2, 'B'),
('2009-06-26', 3, 'B'),
('2009-06-27', 1, 'B'),
('2009-06-27', 2, 'B'),
('2009-06-27', 3, 'B'),
('2009-06-28', 1, 'B'),
('2009-06-28', 2, 'B'),
('2009-06-28', 3, 'B'),
('2009-06-29', 1, 'B'),
('2009-06-29', 2, 'B'),
('2009-06-29', 3, 'B'),
('2009-06-30', 1, 'B'),
('2009-06-30', 2, 'B'),
('2009-06-30', 3, 'B'),
('2009-07-01', 1, 'B'),
('2009-07-01', 2, 'B'),
('2009-07-01', 3, 'B'),
('2009-07-02', 1, 'B'),
('2009-07-02', 2, 'B'),
('2009-07-02', 3, 'B'),
('2009-07-03', 1, 'B'),
('2009-07-03', 2, 'B'),
('2009-07-03', 3, 'B'),
('2009-07-04', 1, 'B'),
('2009-07-04', 2, 'B'),
('2009-07-04', 3, 'B'),
('2009-07-05', 1, 'B'),
('2009-07-05', 2, 'B'),
('2009-07-05', 3, 'B'),
('2009-07-06', 1, 'B'),
('2009-07-06', 2, 'B'),
('2009-07-06', 3, 'B'),
('2009-07-07', 1, 'B'),
('2009-07-07', 2, 'B'),
('2009-07-07', 3, 'B'),
('2009-07-08', 1, 'B'),
('2009-07-08', 2, 'B'),
('2009-07-08', 3, 'B'),
('2009-07-09', 1, 'B'),
('2009-07-09', 2, 'B'),
('2009-07-09', 3, 'B'),
('2009-07-10', 1, 'B'),
('2009-07-10', 2, 'B'),
('2009-07-10', 3, 'B'),
('2009-07-11', 1, 'B'),
('2009-07-11', 2, 'B'),
('2009-07-11', 3, 'B'),
('2009-07-12', 1, 'B'),
('2009-07-12', 2, 'B'),
('2009-07-12', 3, 'B'),
('2009-07-13', 1, 'B'),
('2009-07-13', 2, 'B'),
('2009-07-13', 3, 'B'),
('2009-07-14', 1, 'B'),
('2009-07-14', 2, 'B'),
('2009-07-14', 3, 'B'),
('2009-07-15', 1, 'B'),
('2009-07-15', 2, 'B'),
('2009-07-15', 3, 'B'),
('2009-07-16', 1, 'B'),
('2009-07-16', 2, 'B'),
('2009-07-16', 3, 'B'),
('2009-07-17', 1, 'B'),
('2009-07-17', 2, 'B'),
('2009-07-17', 3, 'B'),
('2009-07-18', 1, 'B'),
('2009-07-18', 2, 'B'),
('2009-07-18', 3, 'B'),
('2009-07-19', 1, 'B'),
('2009-07-19', 2, 'B'),
('2009-07-19', 3, 'B'),
('2009-07-20', 1, 'B'),
('2009-07-20', 2, 'B'),
('2009-07-20', 3, 'B'),
('2009-07-21', 1, 'B'),
('2009-07-21', 2, 'B'),
('2009-07-21', 3, 'B'),
('2009-07-22', 1, 'B'),
('2009-07-22', 2, 'B'),
('2009-07-22', 3, 'B'),
('2009-07-23', 1, 'B'),
('2009-07-23', 2, 'B'),
('2009-07-23', 3, 'B'),
('2009-07-24', 1, 'B'),
('2009-07-24', 2, 'B'),
('2009-07-24', 3, 'B'),
('2009-07-25', 1, 'B'),
('2009-07-25', 2, 'B'),
('2009-07-25', 3, 'B'),
('2009-07-26', 1, 'B'),
('2009-07-26', 2, 'B'),
('2009-07-26', 3, 'B'),
('2009-07-27', 1, 'B'),
('2009-07-27', 2, 'B'),
('2009-07-27', 3, 'B'),
('2009-07-28', 1, 'B'),
('2009-07-28', 2, 'B'),
('2009-07-28', 3, 'B'),
('2009-07-29', 1, 'B'),
('2009-07-29', 2, 'B'),
('2009-07-29', 3, 'B'),
('2009-07-30', 1, 'B'),
('2009-07-30', 2, 'B'),
('2009-07-30', 3, 'B'),
('2009-07-31', 1, 'B'),
('2009-07-31', 2, 'B'),
('2009-07-31', 3, 'B'),
('2009-08-01', 1, 'B'),
('2009-08-01', 2, 'B'),
('2009-08-01', 3, 'B'),
('2009-08-02', 1, 'B'),
('2009-08-02', 2, 'B'),
('2009-08-02', 3, 'B'),
('2009-08-03', 1, 'B'),
('2009-08-03', 2, 'B'),
('2009-08-03', 3, 'B'),
('2009-08-04', 1, 'B'),
('2009-08-04', 2, 'B'),
('2009-08-04', 3, 'B'),
('2009-08-05', 1, 'B'),
('2009-08-05', 2, 'B'),
('2009-08-05', 3, 'B'),
('2009-08-06', 1, 'B'),
('2009-08-06', 2, 'B'),
('2009-08-06', 3, 'B'),
('2009-08-07', 1, 'B'),
('2009-08-07', 2, 'B'),
('2009-08-07', 3, 'B'),
('2009-08-08', 1, 'B'),
('2009-08-08', 2, 'B'),
('2009-08-08', 3, 'B'),
('2009-08-09', 1, 'B'),
('2009-08-09', 2, 'B'),
('2009-08-09', 3, 'B'),
('2009-08-10', 1, 'B'),
('2009-08-10', 2, 'B'),
('2009-08-10', 3, 'B'),
('2009-08-11', 1, 'B'),
('2009-08-11', 2, 'B'),
('2009-08-11', 3, 'B'),
('2009-08-12', 1, 'B'),
('2009-08-12', 2, 'B'),
('2009-08-12', 3, 'B'),
('2009-08-13', 1, 'B'),
('2009-08-13', 2, 'B'),
('2009-08-13', 3, 'B'),
('2009-08-14', 1, 'B'),
('2009-08-14', 2, 'B'),
('2009-08-14', 3, 'B'),
('2009-08-15', 1, 'B'),
('2009-08-15', 2, 'B'),
('2009-08-15', 3, 'B'),
('2009-08-16', 1, 'B'),
('2009-08-16', 2, 'B'),
('2009-08-16', 3, 'B'),
('2009-08-17', 1, 'B'),
('2009-08-17', 2, 'B'),
('2009-08-17', 3, 'B'),
('2009-08-18', 1, 'B'),
('2009-08-18', 2, 'B'),
('2009-08-18', 3, 'B'),
('2009-08-19', 1, 'B'),
('2009-08-19', 2, 'B'),
('2009-08-19', 3, 'B'),
('2009-08-20', 1, 'B'),
('2009-08-20', 2, 'B'),
('2009-08-20', 3, 'B'),
('2009-08-21', 1, 'B'),
('2009-08-21', 2, 'B'),
('2009-08-21', 3, 'B'),
('2009-08-22', 1, 'B'),
('2009-08-22', 2, 'B'),
('2009-08-22', 3, 'B'),
('2009-08-23', 1, 'B'),
('2009-08-23', 2, 'B'),
('2009-08-23', 3, 'B'),
('2009-08-24', 1, 'B'),
('2009-08-24', 2, 'B'),
('2009-08-24', 3, 'B'),
('2009-08-25', 1, 'B'),
('2009-08-25', 2, 'B'),
('2009-08-25', 3, 'B'),
('2009-08-26', 1, 'B'),
('2009-08-26', 2, 'B'),
('2009-08-26', 3, 'B'),
('2009-08-27', 1, 'B'),
('2009-08-27', 2, 'B'),
('2009-08-27', 3, 'B'),
('2009-08-28', 1, 'B'),
('2009-08-28', 2, 'B'),
('2009-08-28', 3, 'B'),
('2009-08-29', 1, 'B'),
('2009-08-29', 2, 'B'),
('2009-08-29', 3, 'B'),
('2009-08-30', 1, 'B'),
('2009-08-30', 2, 'B'),
('2009-08-30', 3, 'B'),
('2009-08-31', 1, 'B'),
('2009-08-31', 2, 'B'),
('2009-08-31', 3, 'B'),
('2009-09-01', 1, 'B'),
('2009-09-01', 2, 'B'),
('2009-09-01', 3, 'B'),
('2009-09-02', 1, 'B'),
('2009-09-02', 2, 'B'),
('2009-09-02', 3, 'B'),
('2009-09-03', 1, 'B'),
('2009-09-03', 2, 'B'),
('2009-09-03', 3, 'B'),
('2009-09-04', 1, 'B'),
('2009-09-04', 2, 'B'),
('2009-09-04', 3, 'B'),
('2009-09-05', 1, 'B'),
('2009-09-05', 2, 'B'),
('2009-09-05', 3, 'B'),
('2009-09-06', 1, 'B'),
('2009-09-06', 2, 'B'),
('2009-09-06', 3, 'B'),
('2009-09-07', 1, 'B'),
('2009-09-07', 2, 'B'),
('2009-09-07', 3, 'B'),
('2009-09-08', 1, 'B'),
('2009-09-08', 2, 'B'),
('2009-09-08', 3, 'B'),
('2009-09-09', 1, 'B'),
('2009-09-09', 2, 'B'),
('2009-09-09', 3, 'B'),
('2009-09-10', 1, 'B'),
('2009-09-10', 2, 'B'),
('2009-09-10', 3, 'B'),
('2009-09-11', 1, 'B'),
('2009-09-11', 2, 'B'),
('2009-09-11', 3, 'B'),
('2009-09-12', 1, 'B'),
('2009-09-12', 2, 'B'),
('2009-09-12', 3, 'B'),
('2009-09-13', 1, 'B'),
('2009-09-13', 2, 'B'),
('2009-09-13', 3, 'B'),
('2009-09-14', 1, 'B'),
('2009-09-14', 2, 'B'),
('2009-09-14', 3, 'B'),
('2009-09-15', 1, 'B'),
('2009-09-15', 2, 'B'),
('2009-09-15', 3, 'B'),
('2009-09-16', 1, 'B'),
('2009-09-16', 2, 'B'),
('2009-09-16', 3, 'B'),
('2009-09-17', 1, 'B'),
('2009-09-17', 2, 'B'),
('2009-09-17', 3, 'B'),
('2009-09-18', 1, 'B'),
('2009-09-18', 2, 'B'),
('2009-09-18', 3, 'B'),
('2009-09-19', 1, 'B'),
('2009-09-19', 2, 'B'),
('2009-09-19', 3, 'B'),
('2009-09-20', 1, 'B'),
('2009-09-20', 2, 'B'),
('2009-09-20', 3, 'B'),
('2009-09-21', 1, 'B'),
('2009-09-21', 2, 'B'),
('2009-09-21', 3, 'B'),
('2009-09-22', 1, 'B'),
('2009-09-22', 2, 'B'),
('2009-09-22', 3, 'B'),
('2009-09-23', 1, 'B'),
('2009-09-23', 2, 'B'),
('2009-09-23', 3, 'B'),
('2009-09-24', 1, 'B'),
('2009-09-24', 2, 'B'),
('2009-09-24', 3, 'B'),
('2009-09-25', 1, 'B'),
('2009-09-25', 2, 'B'),
('2009-09-25', 3, 'B'),
('2009-09-26', 1, 'B'),
('2009-09-26', 2, 'B'),
('2009-09-26', 3, 'B'),
('2009-09-27', 1, 'B'),
('2009-09-27', 2, 'B'),
('2009-09-27', 3, 'B'),
('2009-09-28', 1, 'B'),
('2009-09-28', 2, 'B'),
('2009-09-28', 3, 'B'),
('2009-09-29', 1, 'B'),
('2009-09-29', 2, 'B'),
('2009-09-29', 3, 'B'),
('2009-09-30', 1, 'B'),
('2009-09-30', 2, 'B'),
('2009-09-30', 3, 'B'),
('2009-10-01', 1, 'B'),
('2009-10-01', 2, 'B'),
('2009-10-01', 3, 'B'),
('2009-10-02', 1, 'B'),
('2009-10-02', 2, 'B'),
('2009-10-02', 3, 'B'),
('2009-10-03', 1, 'B'),
('2009-10-03', 2, 'B'),
('2009-10-03', 3, 'B'),
('2009-10-04', 1, 'B'),
('2009-10-04', 2, 'B'),
('2009-10-04', 3, 'B'),
('2009-10-05', 1, 'B'),
('2009-10-05', 2, 'B'),
('2009-10-05', 3, 'B'),
('2009-10-06', 1, 'B'),
('2009-10-06', 2, 'B'),
('2009-10-06', 3, 'B'),
('2009-10-07', 1, 'B'),
('2009-10-07', 2, 'B'),
('2009-10-07', 3, 'B'),
('2009-10-08', 1, 'B'),
('2009-10-08', 2, 'B'),
('2009-10-08', 3, 'B'),
('2009-10-09', 1, 'B'),
('2009-10-09', 2, 'B'),
('2009-10-09', 3, 'B'),
('2009-10-10', 1, 'B'),
('2009-10-10', 2, 'B'),
('2009-10-10', 3, 'B'),
('2009-10-11', 1, 'B'),
('2009-10-11', 2, 'B'),
('2009-10-11', 3, 'B'),
('2009-10-12', 1, 'B'),
('2009-10-12', 2, 'B'),
('2009-10-12', 3, 'B'),
('2009-10-13', 1, 'B'),
('2009-10-13', 2, 'B'),
('2009-10-13', 3, 'B'),
('2009-10-14', 1, 'B'),
('2009-10-14', 2, 'B'),
('2009-10-14', 3, 'B'),
('2009-10-15', 1, 'B'),
('2009-10-15', 2, 'B'),
('2009-10-15', 3, 'B'),
('2009-10-16', 1, 'B'),
('2009-10-16', 2, 'B'),
('2009-10-16', 3, 'B'),
('2009-10-17', 1, 'B'),
('2009-10-17', 2, 'B'),
('2009-10-17', 3, 'B'),
('2009-10-18', 1, 'B'),
('2009-10-18', 2, 'B'),
('2009-10-18', 3, 'B'),
('2009-10-19', 1, 'B'),
('2009-10-19', 2, 'B'),
('2009-10-19', 3, 'B'),
('2009-10-20', 1, 'B'),
('2009-10-20', 2, 'B'),
('2009-10-20', 3, 'B'),
('2009-10-21', 1, 'B'),
('2009-10-21', 2, 'B'),
('2009-10-21', 3, 'B'),
('2009-10-22', 1, 'B'),
('2009-10-22', 2, 'B'),
('2009-10-22', 3, 'B'),
('2009-10-23', 1, 'B'),
('2009-10-23', 2, 'B'),
('2009-10-23', 3, 'B'),
('2009-10-24', 1, 'B'),
('2009-10-24', 2, 'B'),
('2009-10-24', 3, 'B'),
('2009-10-25', 1, 'B'),
('2009-10-25', 2, 'B'),
('2009-10-25', 3, 'B'),
('2009-10-26', 1, 'B'),
('2009-10-26', 2, 'B'),
('2009-10-26', 3, 'B'),
('2009-10-27', 1, 'B'),
('2009-10-27', 2, 'B'),
('2009-10-27', 3, 'B'),
('2009-10-28', 1, 'B'),
('2009-10-28', 2, 'B'),
('2009-10-28', 3, 'B'),
('2009-10-29', 1, 'B'),
('2009-10-29', 2, 'B'),
('2009-10-29', 3, 'B'),
('2009-10-30', 1, 'B'),
('2009-10-30', 2, 'B'),
('2009-10-30', 3, 'B'),
('2009-10-31', 1, 'B'),
('2009-10-31', 2, 'B'),
('2009-10-31', 3, 'B'),
('2009-11-01', 1, 'B'),
('2009-11-01', 2, 'B'),
('2009-11-01', 3, 'B'),
('2009-11-02', 1, 'B'),
('2009-11-02', 2, 'B'),
('2009-11-02', 3, 'B'),
('2009-11-03', 1, 'B'),
('2009-11-03', 2, 'B'),
('2009-11-03', 3, 'B'),
('2009-11-04', 1, 'B'),
('2009-11-04', 2, 'B'),
('2009-11-04', 3, 'B'),
('2009-11-05', 1, 'B'),
('2009-11-05', 2, 'B'),
('2009-11-05', 3, 'B'),
('2009-11-06', 1, 'B'),
('2009-11-06', 2, 'B'),
('2009-11-06', 3, 'B'),
('2009-11-07', 1, 'B'),
('2009-11-07', 2, 'B'),
('2009-11-07', 3, 'B'),
('2009-11-08', 1, 'B'),
('2009-11-08', 2, 'B'),
('2009-11-08', 3, 'B'),
('2009-11-09', 1, 'B'),
('2009-11-09', 2, 'B'),
('2009-11-09', 3, 'B'),
('2009-11-10', 1, 'B'),
('2009-11-10', 2, 'B'),
('2009-11-10', 3, 'B'),
('2009-11-11', 1, 'B'),
('2009-11-11', 2, 'B'),
('2009-11-11', 3, 'B'),
('2009-11-12', 1, 'B'),
('2009-11-12', 2, 'B'),
('2009-11-12', 3, 'B'),
('2009-11-13', 1, 'B'),
('2009-11-13', 2, 'B'),
('2009-11-13', 3, 'B'),
('2009-11-14', 1, 'B'),
('2009-11-14', 2, 'B'),
('2009-11-14', 3, 'B'),
('2009-11-15', 1, 'B'),
('2009-11-15', 2, 'B'),
('2009-11-15', 3, 'B'),
('2009-11-16', 1, 'B'),
('2009-11-16', 2, 'B'),
('2009-11-16', 3, 'B'),
('2009-11-17', 1, 'B'),
('2009-11-17', 2, 'B'),
('2009-11-17', 3, 'B'),
('2009-11-18', 1, 'B'),
('2009-11-18', 2, 'B'),
('2009-11-18', 3, 'B'),
('2009-11-19', 1, 'B'),
('2009-11-19', 2, 'B'),
('2009-11-19', 3, 'B'),
('2009-11-20', 1, 'B'),
('2009-11-20', 2, 'B'),
('2009-11-20', 3, 'B'),
('2009-11-21', 1, 'B'),
('2009-11-21', 2, 'B'),
('2009-11-21', 3, 'B'),
('2009-11-22', 1, 'B'),
('2009-11-22', 2, 'B'),
('2009-11-22', 3, 'B'),
('2009-11-23', 1, 'B'),
('2009-11-23', 2, 'B'),
('2009-11-23', 3, 'B'),
('2009-11-24', 1, 'B'),
('2009-11-24', 2, 'B'),
('2009-11-24', 3, 'B'),
('2009-11-25', 1, 'B'),
('2009-11-25', 2, 'B'),
('2009-11-25', 3, 'B'),
('2009-11-26', 1, 'B'),
('2009-11-26', 2, 'B'),
('2009-11-26', 3, 'B'),
('2009-11-27', 1, 'B'),
('2009-11-27', 2, 'B'),
('2009-11-27', 3, 'B'),
('2009-11-28', 1, 'B'),
('2009-11-28', 2, 'B'),
('2009-11-28', 3, 'B'),
('2009-11-29', 1, 'B'),
('2009-11-29', 2, 'B'),
('2009-11-29', 3, 'B'),
('2009-11-30', 1, 'B'),
('2009-11-30', 2, 'B'),
('2009-11-30', 3, 'B'),
('2009-12-01', 1, 'B'),
('2009-12-01', 2, 'B'),
('2009-12-01', 3, 'B'),
('2009-12-02', 1, 'B'),
('2009-12-02', 2, 'B'),
('2009-12-02', 3, 'B'),
('2009-12-03', 1, 'B'),
('2009-12-03', 2, 'B'),
('2009-12-03', 3, 'B'),
('2009-12-04', 1, 'B'),
('2009-12-04', 2, 'B'),
('2009-12-04', 3, 'B'),
('2009-12-05', 1, 'B'),
('2009-12-05', 2, 'B'),
('2009-12-05', 3, 'B'),
('2009-12-06', 1, 'B'),
('2009-12-06', 2, 'B'),
('2009-12-06', 3, 'B'),
('2009-12-07', 1, 'B'),
('2009-12-07', 2, 'B'),
('2009-12-07', 3, 'B'),
('2009-12-08', 1, 'B'),
('2009-12-08', 2, 'B'),
('2009-12-08', 3, 'B'),
('2009-12-09', 1, 'B'),
('2009-12-09', 2, 'B'),
('2009-12-09', 3, 'B'),
('2009-12-10', 1, 'B'),
('2009-12-10', 2, 'B'),
('2009-12-10', 3, 'B'),
('2009-12-11', 1, 'B'),
('2009-12-11', 2, 'B'),
('2009-12-11', 3, 'B'),
('2009-12-12', 1, 'B'),
('2009-12-12', 2, 'B'),
('2009-12-12', 3, 'B'),
('2009-12-13', 1, 'B'),
('2009-12-13', 2, 'B'),
('2009-12-13', 3, 'B'),
('2009-12-14', 1, 'B'),
('2009-12-14', 2, 'B'),
('2009-12-14', 3, 'B'),
('2009-12-15', 1, 'B'),
('2009-12-15', 2, 'B'),
('2009-12-15', 3, 'B'),
('2009-12-16', 1, 'B'),
('2009-12-16', 2, 'B'),
('2009-12-16', 3, 'B'),
('2009-12-17', 1, 'B'),
('2009-12-17', 2, 'B'),
('2009-12-17', 3, 'B'),
('2009-12-18', 1, 'B'),
('2009-12-18', 2, 'B'),
('2009-12-18', 3, 'B'),
('2009-12-19', 1, 'B'),
('2009-12-19', 2, 'B'),
('2009-12-19', 3, 'B'),
('2009-12-20', 1, 'B'),
('2009-12-20', 2, 'B'),
('2009-12-20', 3, 'B'),
('2009-12-21', 1, 'B'),
('2009-12-21', 2, 'B'),
('2009-12-21', 3, 'B'),
('2009-12-22', 1, 'B'),
('2009-12-22', 2, 'B'),
('2009-12-22', 3, 'B'),
('2009-12-23', 1, 'B'),
('2009-12-23', 2, 'B'),
('2009-12-23', 3, 'B'),
('2009-12-24', 1, 'B'),
('2009-12-24', 2, 'B'),
('2009-12-24', 3, 'B'),
('2009-12-25', 1, 'B'),
('2009-12-25', 2, 'B'),
('2009-12-25', 3, 'B'),
('2009-12-26', 1, 'B'),
('2009-12-26', 2, 'B'),
('2009-12-26', 3, 'B'),
('2009-12-27', 1, 'B'),
('2009-12-27', 2, 'B'),
('2009-12-27', 3, 'B'),
('2009-12-28', 1, 'B'),
('2009-12-28', 2, 'B'),
('2009-12-28', 3, 'B'),
('2009-12-29', 1, 'B'),
('2009-12-29', 2, 'B'),
('2009-12-29', 3, 'B'),
('2009-12-30', 1, 'B'),
('2009-12-30', 2, 'B'),
('2009-12-30', 3, 'B'),
('2009-12-31', 1, 'B'),
('2009-12-31', 2, 'B'),
('2009-12-31', 3, 'B'),
('2010-01-01', 1, 'B'),
('2010-01-01', 2, 'B'),
('2010-01-01', 3, 'B'),
('2010-01-02', 1, 'B'),
('2010-01-02', 2, 'B'),
('2010-01-02', 3, 'B'),
('2010-01-03', 1, 'B'),
('2010-01-03', 2, 'B'),
('2010-01-03', 3, 'B'),
('2010-01-04', 1, 'B'),
('2010-01-04', 2, 'B'),
('2010-01-04', 3, 'B'),
('2010-01-05', 1, 'B'),
('2010-01-05', 2, 'B'),
('2010-01-05', 3, 'B'),
('2010-01-06', 1, 'B'),
('2010-01-06', 2, 'B'),
('2010-01-06', 3, 'B'),
('2010-01-07', 1, 'B'),
('2010-01-07', 2, 'B'),
('2010-01-07', 3, 'B'),
('2010-01-08', 1, 'B'),
('2010-01-08', 2, 'B'),
('2010-01-08', 3, 'B'),
('2010-01-09', 1, 'B'),
('2010-01-09', 2, 'B'),
('2010-01-09', 3, 'B'),
('2010-01-10', 1, 'B'),
('2010-01-10', 2, 'B'),
('2010-01-10', 3, 'B'),
('2010-01-11', 1, 'B'),
('2010-01-11', 2, 'B'),
('2010-01-11', 3, 'B'),
('2010-01-12', 1, 'B'),
('2010-01-12', 2, 'B'),
('2010-01-12', 3, 'B'),
('2010-01-13', 1, 'B'),
('2010-01-13', 2, 'B'),
('2010-01-13', 3, 'B'),
('2010-01-14', 1, 'B'),
('2010-01-14', 2, 'B'),
('2010-01-14', 3, 'B'),
('2010-01-15', 1, 'B'),
('2010-01-15', 2, 'B'),
('2010-01-15', 3, 'B'),
('2010-01-16', 1, 'B'),
('2010-01-16', 2, 'B'),
('2010-01-16', 3, 'B'),
('2010-01-17', 1, 'B'),
('2010-01-17', 2, 'B'),
('2010-01-17', 3, 'B'),
('2010-01-18', 1, 'B'),
('2010-01-18', 2, 'B'),
('2010-01-18', 3, 'B'),
('2010-01-19', 1, 'B'),
('2010-01-19', 2, 'B'),
('2010-01-19', 3, 'B'),
('2010-01-20', 1, 'B'),
('2010-01-20', 2, 'B'),
('2010-01-20', 3, 'B'),
('2010-01-21', 1, 'B'),
('2010-01-21', 2, 'B'),
('2010-01-21', 3, 'B'),
('2010-01-22', 1, 'B'),
('2010-01-22', 2, 'B'),
('2010-01-22', 3, 'B'),
('2010-01-23', 1, 'B'),
('2010-01-23', 2, 'B'),
('2010-01-23', 3, 'B'),
('2010-01-24', 1, 'B'),
('2010-01-24', 2, 'B'),
('2010-01-24', 3, 'B'),
('2010-01-25', 1, 'B'),
('2010-01-25', 2, 'B'),
('2010-01-25', 3, 'B'),
('2010-01-26', 1, 'B'),
('2010-01-26', 2, 'B'),
('2010-01-26', 3, 'B'),
('2010-01-27', 1, 'B'),
('2010-01-27', 2, 'B'),
('2010-01-27', 3, 'B'),
('2010-01-28', 1, 'B'),
('2010-01-28', 2, 'B'),
('2010-01-28', 3, 'B'),
('2010-01-29', 1, 'B'),
('2010-01-29', 2, 'B'),
('2010-01-29', 3, 'B'),
('2010-01-30', 1, 'B'),
('2010-01-30', 2, 'B'),
('2010-01-30', 3, 'B'),
('2010-01-31', 1, 'B'),
('2010-01-31', 2, 'B'),
('2010-01-31', 3, 'B'),
('2010-02-01', 1, 'B'),
('2010-02-01', 2, 'B'),
('2010-02-01', 3, 'B'),
('2010-02-02', 1, 'B'),
('2010-02-02', 2, 'B'),
('2010-02-02', 3, 'B'),
('2010-02-03', 1, 'B'),
('2010-02-03', 2, 'B'),
('2010-02-03', 3, 'B'),
('2010-02-04', 1, 'B'),
('2010-02-04', 2, 'B'),
('2010-02-04', 3, 'B'),
('2010-02-05', 1, 'B'),
('2010-02-05', 2, 'B'),
('2010-02-05', 3, 'B'),
('2010-02-06', 1, 'B'),
('2010-02-06', 2, 'B'),
('2010-02-06', 3, 'B'),
('2010-02-07', 1, 'B'),
('2010-02-07', 2, 'B'),
('2010-02-07', 3, 'B'),
('2010-02-08', 1, 'B'),
('2010-02-08', 2, 'B'),
('2010-02-08', 3, 'B'),
('2010-02-09', 1, 'B'),
('2010-02-09', 2, 'B'),
('2010-02-09', 3, 'B'),
('2010-02-10', 1, 'B'),
('2010-02-10', 2, 'B'),
('2010-02-10', 3, 'B'),
('2010-02-11', 1, 'B'),
('2010-02-11', 2, 'B'),
('2010-02-11', 3, 'B'),
('2010-02-12', 1, 'B'),
('2010-02-12', 2, 'B'),
('2010-02-12', 3, 'B'),
('2010-02-13', 1, 'B'),
('2010-02-13', 2, 'B'),
('2010-02-13', 3, 'B'),
('2010-02-14', 1, 'B'),
('2010-02-14', 2, 'B'),
('2010-02-14', 3, 'B'),
('2010-02-15', 1, 'B'),
('2010-02-15', 2, 'B'),
('2010-02-15', 3, 'B'),
('2010-02-16', 1, 'B'),
('2010-02-16', 2, 'B'),
('2010-02-16', 3, 'B'),
('2010-02-17', 1, 'B'),
('2010-02-17', 2, 'B'),
('2010-02-17', 3, 'B'),
('2010-02-18', 1, 'B'),
('2010-02-18', 2, 'B'),
('2010-02-18', 3, 'B'),
('2010-02-19', 1, 'B'),
('2010-02-19', 2, 'B'),
('2010-02-19', 3, 'B'),
('2010-02-20', 1, 'B'),
('2010-02-20', 2, 'B'),
('2010-02-20', 3, 'B'),
('2010-02-21', 1, 'B'),
('2010-02-21', 2, 'B'),
('2010-02-21', 3, 'B'),
('2010-02-22', 1, 'B'),
('2010-02-22', 2, 'B'),
('2010-02-22', 3, 'B'),
('2010-02-23', 1, 'B'),
('2010-02-23', 2, 'B'),
('2010-02-23', 3, 'B'),
('2010-02-24', 1, 'B'),
('2010-02-24', 2, 'B'),
('2010-02-24', 3, 'B'),
('2010-02-25', 1, 'B'),
('2010-02-25', 2, 'B'),
('2010-02-25', 3, 'B'),
('2010-02-26', 1, 'B'),
('2010-02-26', 2, 'B'),
('2010-02-26', 3, 'B'),
('2010-02-27', 1, 'B'),
('2010-02-27', 2, 'B'),
('2010-02-27', 3, 'B'),
('2010-02-28', 1, 'B'),
('2010-02-28', 2, 'B'),
('2010-02-28', 3, 'B'),
('2010-03-01', 1, 'B'),
('2010-03-01', 2, 'B'),
('2010-03-01', 3, 'B'),
('2010-03-02', 1, 'B'),
('2010-03-02', 2, 'B'),
('2010-03-02', 3, 'B'),
('2010-03-03', 1, 'B'),
('2010-03-03', 2, 'B'),
('2010-03-03', 3, 'B'),
('2010-03-04', 1, 'B'),
('2010-03-04', 2, 'B'),
('2010-03-04', 3, 'B'),
('2010-03-05', 1, 'B'),
('2010-03-05', 2, 'B'),
('2010-03-05', 3, 'B'),
('2010-03-06', 1, 'B'),
('2010-03-06', 2, 'B'),
('2010-03-06', 3, 'B'),
('2010-03-07', 1, 'B'),
('2010-03-07', 2, 'B'),
('2010-03-07', 3, 'B'),
('2010-03-08', 1, 'B'),
('2010-03-08', 2, 'B'),
('2010-03-08', 3, 'B'),
('2010-03-09', 1, 'B'),
('2010-03-09', 2, 'B'),
('2010-03-09', 3, 'B'),
('2010-03-10', 1, 'B'),
('2010-03-10', 2, 'B'),
('2010-03-10', 3, 'B'),
('2010-03-11', 1, 'B'),
('2010-03-11', 2, 'B'),
('2010-03-11', 3, 'B'),
('2010-03-12', 1, 'B'),
('2010-03-12', 2, 'B'),
('2010-03-12', 3, 'B'),
('2010-03-13', 1, 'B'),
('2010-03-13', 2, 'B'),
('2010-03-13', 3, 'B'),
('2010-03-14', 1, 'B'),
('2010-03-14', 2, 'B'),
('2010-03-14', 3, 'B'),
('2010-03-15', 1, 'B'),
('2010-03-15', 2, 'B'),
('2010-03-15', 3, 'B'),
('2010-03-16', 1, 'B'),
('2010-03-16', 2, 'B'),
('2010-03-16', 3, 'B'),
('2010-03-17', 1, 'B'),
('2010-03-17', 2, 'B'),
('2010-03-17', 3, 'B'),
('2010-03-18', 1, 'B'),
('2010-03-18', 2, 'B'),
('2010-03-18', 3, 'B'),
('2010-03-19', 1, 'B'),
('2010-03-19', 2, 'B'),
('2010-03-19', 3, 'B'),
('2010-03-20', 1, 'B'),
('2010-03-20', 2, 'B'),
('2010-03-20', 3, 'B'),
('2010-03-21', 1, 'B'),
('2010-03-21', 2, 'B'),
('2010-03-21', 3, 'B'),
('2010-03-22', 1, 'B'),
('2010-03-22', 2, 'B'),
('2010-03-22', 3, 'B'),
('2010-03-23', 1, 'B'),
('2010-03-23', 2, 'B'),
('2010-03-23', 3, 'B'),
('2010-03-24', 1, 'B'),
('2010-03-24', 2, 'B'),
('2010-03-24', 3, 'B'),
('2010-03-25', 1, 'B'),
('2010-03-25', 2, 'B'),
('2010-03-25', 3, 'B'),
('2010-03-26', 1, 'B'),
('2010-03-26', 2, 'B'),
('2010-03-26', 3, 'B'),
('2010-03-27', 1, 'B'),
('2010-03-27', 2, 'B'),
('2010-03-27', 3, 'B'),
('2010-03-28', 1, 'B'),
('2010-03-28', 2, 'B'),
('2010-03-28', 3, 'B'),
('2010-03-29', 1, 'B'),
('2010-03-29', 2, 'B'),
('2010-03-29', 3, 'B'),
('2010-03-30', 1, 'B'),
('2010-03-30', 2, 'B'),
('2010-03-30', 3, 'B'),
('2010-03-31', 1, 'B'),
('2010-03-31', 2, 'B'),
('2010-03-31', 3, 'B'),
('2010-04-01', 1, 'B'),
('2010-04-01', 2, 'B'),
('2010-04-01', 3, 'B'),
('2010-04-02', 1, 'B'),
('2010-04-02', 2, 'B'),
('2010-04-02', 3, 'B'),
('2010-04-03', 1, 'B'),
('2010-04-03', 2, 'B'),
('2010-04-03', 3, 'B'),
('2010-04-04', 1, 'B'),
('2010-04-04', 2, 'B'),
('2010-04-04', 3, 'B'),
('2010-04-05', 1, 'B'),
('2010-04-05', 2, 'B'),
('2010-04-05', 3, 'B'),
('2010-04-06', 1, 'B'),
('2010-04-06', 2, 'B'),
('2010-04-06', 3, 'B'),
('2010-04-07', 1, 'B'),
('2010-04-07', 2, 'B'),
('2010-04-07', 3, 'B'),
('2010-04-08', 1, 'B'),
('2010-04-08', 2, 'B'),
('2010-04-08', 3, 'B'),
('2010-04-09', 1, 'B'),
('2010-04-09', 2, 'B'),
('2010-04-09', 3, 'B'),
('2010-04-10', 1, 'B'),
('2010-04-10', 2, 'B'),
('2010-04-10', 3, 'B'),
('2010-04-11', 1, 'B'),
('2010-04-11', 2, 'B'),
('2010-04-11', 3, 'B'),
('2010-04-12', 1, 'B'),
('2010-04-12', 2, 'B'),
('2010-04-12', 3, 'B'),
('2010-04-13', 1, 'B'),
('2010-04-13', 2, 'B'),
('2010-04-13', 3, 'B'),
('2010-04-14', 1, 'B'),
('2010-04-14', 2, 'B'),
('2010-04-14', 3, 'B'),
('2010-04-15', 1, 'B'),
('2010-04-15', 2, 'B'),
('2010-04-15', 3, 'B'),
('2010-04-16', 1, 'B'),
('2010-04-16', 2, 'B'),
('2010-04-16', 3, 'B'),
('2010-04-17', 1, 'B'),
('2010-04-17', 2, 'B'),
('2010-04-17', 3, 'B'),
('2010-04-18', 1, 'B'),
('2010-04-18', 2, 'B'),
('2010-04-18', 3, 'B'),
('2010-04-19', 1, 'B'),
('2010-04-19', 2, 'B'),
('2010-04-19', 3, 'B'),
('2010-04-20', 1, 'B'),
('2010-04-20', 2, 'B'),
('2010-04-20', 3, 'B'),
('2010-04-21', 1, 'B'),
('2010-04-21', 2, 'B'),
('2010-04-21', 3, 'B'),
('2010-04-22', 1, 'B'),
('2010-04-22', 2, 'B'),
('2010-04-22', 3, 'B'),
('2010-04-23', 1, 'B'),
('2010-04-23', 2, 'B'),
('2010-04-23', 3, 'B'),
('2010-04-24', 1, 'B'),
('2010-04-24', 2, 'B'),
('2010-04-24', 3, 'B'),
('2010-04-25', 1, 'B'),
('2010-04-25', 2, 'B'),
('2010-04-25', 3, 'B'),
('2010-04-26', 1, 'B'),
('2010-04-26', 2, 'B'),
('2010-04-26', 3, 'B'),
('2010-04-27', 1, 'B'),
('2010-04-27', 2, 'B'),
('2010-04-27', 3, 'B'),
('2010-04-28', 1, 'B'),
('2010-04-28', 2, 'B'),
('2010-04-28', 3, 'B'),
('2010-04-29', 1, 'B'),
('2010-04-29', 2, 'B'),
('2010-04-29', 3, 'B'),
('2010-04-30', 1, 'B'),
('2010-04-30', 2, 'B'),
('2010-04-30', 3, 'B'),
('2010-05-01', 1, 'B'),
('2010-05-01', 2, 'B'),
('2010-05-01', 3, 'B'),
('2010-05-02', 1, 'B'),
('2010-05-02', 2, 'B'),
('2010-05-02', 3, 'B'),
('2010-05-03', 1, 'B'),
('2010-05-03', 2, 'B'),
('2010-05-03', 3, 'B'),
('2010-05-04', 1, 'B'),
('2010-05-04', 2, 'B'),
('2010-05-04', 3, 'B'),
('2010-05-05', 1, 'B'),
('2010-05-05', 2, 'B'),
('2010-05-05', 3, 'B'),
('2010-05-06', 1, 'B'),
('2010-05-06', 2, 'B'),
('2010-05-06', 3, 'B'),
('2010-05-07', 1, 'B'),
('2010-05-07', 2, 'B'),
('2010-05-07', 3, 'B'),
('2010-05-08', 1, 'B'),
('2010-05-08', 2, 'B'),
('2010-05-08', 3, 'B'),
('2010-05-09', 1, 'B'),
('2010-05-09', 2, 'B'),
('2010-05-09', 3, 'B'),
('2010-05-10', 1, 'B'),
('2010-05-10', 2, 'B'),
('2010-05-10', 3, 'B'),
('2010-05-11', 1, 'B'),
('2010-05-11', 2, 'B'),
('2010-05-11', 3, 'B'),
('2010-05-12', 1, 'B'),
('2010-05-12', 2, 'B'),
('2010-05-12', 3, 'B'),
('2010-05-13', 1, 'B'),
('2010-05-13', 2, 'B'),
('2010-05-13', 3, 'B'),
('2010-05-14', 1, 'B'),
('2010-05-14', 2, 'B'),
('2010-05-14', 3, 'B'),
('2010-05-15', 1, 'B'),
('2010-05-15', 2, 'B'),
('2010-05-15', 3, 'B'),
('2010-05-16', 1, 'B'),
('2010-05-16', 2, 'B'),
('2010-05-16', 3, 'B'),
('2010-05-17', 1, 'B'),
('2010-05-17', 2, 'B'),
('2010-05-17', 3, 'B'),
('2010-05-18', 1, 'B'),
('2010-05-18', 2, 'B'),
('2010-05-18', 3, 'B'),
('2010-05-19', 1, 'B'),
('2010-05-19', 2, 'B'),
('2010-05-19', 3, 'B'),
('2010-05-20', 1, 'B'),
('2010-05-20', 2, 'B'),
('2010-05-20', 3, 'B'),
('2010-05-21', 1, 'B'),
('2010-05-21', 2, 'B'),
('2010-05-21', 3, 'B'),
('2010-05-22', 1, 'B'),
('2010-05-22', 2, 'B'),
('2010-05-22', 3, 'B'),
('2010-05-23', 1, 'B'),
('2010-05-23', 2, 'B'),
('2010-05-23', 3, 'B'),
('2010-05-24', 1, 'B'),
('2010-05-24', 2, 'B'),
('2010-05-24', 3, 'B'),
('2010-05-25', 1, 'B'),
('2010-05-25', 2, 'B'),
('2010-05-25', 3, 'B'),
('2010-05-26', 1, 'B'),
('2010-05-26', 2, 'B'),
('2010-05-26', 3, 'B'),
('2010-05-27', 1, 'B'),
('2010-05-27', 2, 'B'),
('2010-05-27', 3, 'B'),
('2010-05-28', 1, 'B'),
('2010-05-28', 2, 'B'),
('2010-05-28', 3, 'B'),
('2010-05-29', 1, 'B'),
('2010-05-29', 2, 'B'),
('2010-05-29', 3, 'B'),
('2010-05-30', 1, 'B'),
('2010-05-30', 2, 'B'),
('2010-05-30', 3, 'B'),
('2010-05-31', 1, 'B'),
('2010-05-31', 2, 'B'),
('2010-05-31', 3, 'B'),
('2010-06-01', 1, 'B'),
('2010-06-01', 2, 'B'),
('2010-06-01', 3, 'B'),
('2010-06-02', 1, 'B'),
('2010-06-02', 2, 'B'),
('2010-06-02', 3, 'B'),
('2010-06-03', 1, 'B'),
('2010-06-03', 2, 'B'),
('2010-06-03', 3, 'B'),
('2010-06-04', 1, 'B'),
('2010-06-04', 2, 'B'),
('2010-06-04', 3, 'B'),
('2010-06-05', 1, 'B'),
('2010-06-05', 2, 'B'),
('2010-06-05', 3, 'B'),
('2010-06-06', 1, 'B'),
('2010-06-06', 2, 'B'),
('2010-06-06', 3, 'B'),
('2010-06-07', 1, 'B'),
('2010-06-07', 2, 'B'),
('2010-06-07', 3, 'B'),
('2010-06-08', 1, 'B'),
('2010-06-08', 2, 'B'),
('2010-06-08', 3, 'B'),
('2010-06-09', 1, 'B'),
('2010-06-09', 2, 'B'),
('2010-06-09', 3, 'B'),
('2010-06-10', 1, 'B'),
('2010-06-10', 2, 'B'),
('2010-06-10', 3, 'B'),
('2010-06-11', 1, 'B'),
('2010-06-11', 2, 'B'),
('2010-06-11', 3, 'B'),
('2010-06-12', 1, 'B'),
('2010-06-12', 2, 'B'),
('2010-06-12', 3, 'B'),
('2010-06-13', 1, 'B'),
('2010-06-13', 2, 'B'),
('2010-06-13', 3, 'B'),
('2010-06-14', 1, 'B'),
('2010-06-14', 2, 'B'),
('2010-06-14', 3, 'B'),
('2010-06-15', 1, 'B'),
('2010-06-15', 2, 'B'),
('2010-06-15', 3, 'B'),
('2010-06-16', 1, 'B'),
('2010-06-16', 2, 'B'),
('2010-06-16', 3, 'B'),
('2010-06-17', 1, 'B'),
('2010-06-17', 2, 'B'),
('2010-06-17', 3, 'B'),
('2010-06-18', 1, 'B'),
('2010-06-18', 2, 'B'),
('2010-06-18', 3, 'B'),
('2010-06-19', 1, 'B'),
('2010-06-19', 2, 'B'),
('2010-06-19', 3, 'B'),
('2010-06-20', 1, 'B'),
('2010-06-20', 2, 'B'),
('2010-06-20', 3, 'B'),
('2010-06-21', 1, 'B'),
('2010-06-21', 2, 'B'),
('2010-06-21', 3, 'B'),
('2010-06-22', 1, 'B'),
('2010-06-22', 2, 'B'),
('2010-06-22', 3, 'B'),
('2010-06-23', 1, 'B'),
('2010-06-23', 2, 'B'),
('2010-06-23', 3, 'B'),
('2010-06-24', 1, 'B'),
('2010-06-24', 2, 'B'),
('2010-06-24', 3, 'B'),
('2010-06-25', 1, 'B'),
('2010-06-25', 2, 'B'),
('2010-06-25', 3, 'B'),
('2010-06-26', 1, 'B'),
('2010-06-26', 2, 'B'),
('2010-06-26', 3, 'B'),
('2010-06-27', 1, 'B'),
('2010-06-27', 2, 'B'),
('2010-06-27', 3, 'B'),
('2010-06-28', 1, 'B'),
('2010-06-28', 2, 'B'),
('2010-06-28', 3, 'B'),
('2010-06-29', 1, 'B'),
('2010-06-29', 2, 'B'),
('2010-06-29', 3, 'B'),
('2010-06-30', 1, 'B'),
('2010-06-30', 2, 'B'),
('2010-06-30', 3, 'B'),
('2010-07-01', 1, 'B'),
('2010-07-01', 2, 'B'),
('2010-07-01', 3, 'B'),
('2010-07-02', 1, 'B'),
('2010-07-02', 2, 'B'),
('2010-07-02', 3, 'B'),
('2010-07-03', 1, 'B'),
('2010-07-03', 2, 'B'),
('2010-07-03', 3, 'B'),
('2010-07-04', 1, 'B'),
('2010-07-04', 2, 'B'),
('2010-07-04', 3, 'B'),
('2010-07-05', 1, 'B'),
('2010-07-05', 2, 'B'),
('2010-07-05', 3, 'B'),
('2010-07-06', 1, 'B'),
('2010-07-06', 2, 'B'),
('2010-07-06', 3, 'B'),
('2010-07-07', 1, 'B'),
('2010-07-07', 2, 'B'),
('2010-07-07', 3, 'B'),
('2010-07-08', 1, 'B'),
('2010-07-08', 2, 'B'),
('2010-07-08', 3, 'B'),
('2010-07-09', 1, 'B'),
('2010-07-09', 2, 'B'),
('2010-07-09', 3, 'B'),
('2010-07-10', 1, 'B'),
('2010-07-10', 2, 'B'),
('2010-07-10', 3, 'B'),
('2010-07-11', 1, 'B'),
('2010-07-11', 2, 'B'),
('2010-07-11', 3, 'B'),
('2010-07-12', 1, 'B'),
('2010-07-12', 2, 'B'),
('2010-07-12', 3, 'B'),
('2010-07-13', 1, 'B'),
('2010-07-13', 2, 'B'),
('2010-07-13', 3, 'B'),
('2010-07-14', 1, 'B'),
('2010-07-14', 2, 'B'),
('2010-07-14', 3, 'B'),
('2010-07-15', 1, 'B'),
('2010-07-15', 2, 'B'),
('2010-07-15', 3, 'B'),
('2010-07-16', 1, 'B'),
('2010-07-16', 2, 'B'),
('2010-07-16', 3, 'B'),
('2010-07-17', 1, 'B'),
('2010-07-17', 2, 'B'),
('2010-07-17', 3, 'B'),
('2010-07-18', 1, 'B'),
('2010-07-18', 2, 'B'),
('2010-07-18', 3, 'B'),
('2010-07-19', 1, 'B'),
('2010-07-19', 2, 'B'),
('2010-07-19', 3, 'B'),
('2010-07-20', 1, 'B'),
('2010-07-20', 2, 'B'),
('2010-07-20', 3, 'B'),
('2010-07-21', 1, 'B'),
('2010-07-21', 2, 'B'),
('2010-07-21', 3, 'B'),
('2010-07-22', 1, 'B'),
('2010-07-22', 2, 'B'),
('2010-07-22', 3, 'B'),
('2010-07-23', 1, 'B'),
('2010-07-23', 2, 'B'),
('2010-07-23', 3, 'B'),
('2010-07-24', 1, 'B'),
('2010-07-24', 2, 'B'),
('2010-07-24', 3, 'B'),
('2010-07-25', 1, 'B'),
('2010-07-25', 2, 'B'),
('2010-07-25', 3, 'B'),
('2010-07-26', 1, 'B'),
('2010-07-26', 2, 'B'),
('2010-07-26', 3, 'B'),
('2010-07-27', 1, 'B'),
('2010-07-27', 2, 'B'),
('2010-07-27', 3, 'B'),
('2010-07-28', 1, 'B'),
('2010-07-28', 2, 'B'),
('2010-07-28', 3, 'B'),
('2010-07-29', 1, 'B'),
('2010-07-29', 2, 'B'),
('2010-07-29', 3, 'B'),
('2010-07-30', 1, 'B'),
('2010-07-30', 2, 'B'),
('2010-07-30', 3, 'B'),
('2010-07-31', 1, 'B'),
('2010-07-31', 2, 'B'),
('2010-07-31', 3, 'B'),
('2010-08-01', 1, 'B'),
('2010-08-01', 2, 'B'),
('2010-08-01', 3, 'B'),
('2010-08-02', 1, 'B'),
('2010-08-02', 2, 'B'),
('2010-08-02', 3, 'B'),
('2010-08-03', 1, 'B'),
('2010-08-03', 2, 'B'),
('2010-08-03', 3, 'B'),
('2012-08-03', 1, 'M'),
('2012-08-03', 2, 'B'),
('2012-08-03', 3, 'B'),
('2012-08-04', 1, 'M'),
('2012-08-04', 2, 'B'),
('2012-08-04', 3, 'B'),
('2012-08-05', 1, 'B'),
('2012-08-05', 2, 'B'),
('2012-08-05', 3, 'B'),
('2012-08-06', 1, 'B'),
('2012-08-06', 2, 'B'),
('2012-08-06', 3, 'B'),
('2012-08-07', 1, 'B'),
('2012-08-07', 2, 'B'),
('2012-08-07', 3, 'B'),
('2012-08-08', 1, 'B'),
('2012-08-08', 2, 'B'),
('2012-08-08', 3, 'B'),
('2012-08-09', 1, 'B'),
('2012-08-09', 2, 'B'),
('2012-08-09', 3, 'B'),
('2012-08-10', 1, 'B'),
('2012-08-10', 2, 'B'),
('2012-08-10', 3, 'B'),
('2012-08-11', 1, 'B'),
('2012-08-11', 2, 'B'),
('2012-08-11', 3, 'B'),
('2012-08-12', 1, 'B'),
('2012-08-12', 2, 'B'),
('2012-08-12', 3, 'B'),
('2012-08-13', 1, 'B'),
('2012-08-13', 2, 'B'),
('2012-08-13', 3, 'B'),
('2012-08-14', 1, 'B'),
('2012-08-14', 2, 'B'),
('2012-08-14', 3, 'B'),
('2012-08-15', 1, 'B'),
('2012-08-15', 2, 'B'),
('2012-08-15', 3, 'B'),
('2012-08-16', 1, 'B'),
('2012-08-16', 2, 'B'),
('2012-08-16', 3, 'B'),
('2012-08-17', 1, 'B'),
('2012-08-17', 2, 'B'),
('2012-08-17', 3, 'B'),
('2012-08-18', 1, 'B'),
('2012-08-18', 2, 'B'),
('2012-08-18', 3, 'B'),
('2012-08-19', 1, 'B'),
('2012-08-19', 2, 'B'),
('2012-08-19', 3, 'B'),
('2012-08-20', 1, 'B'),
('2012-08-20', 2, 'B'),
('2012-08-20', 3, 'B'),
('2012-08-21', 1, 'B'),
('2012-08-21', 2, 'B'),
('2012-08-21', 3, 'B'),
('2012-08-22', 1, 'B'),
('2012-08-22', 2, 'B'),
('2012-08-22', 3, 'B'),
('2012-08-23', 1, 'B'),
('2012-08-23', 2, 'B'),
('2012-08-23', 3, 'B'),
('2012-08-24', 1, 'B'),
('2012-08-24', 2, 'B'),
('2012-08-24', 3, 'B'),
('2012-08-25', 1, 'B'),
('2012-08-25', 2, 'B'),
('2012-08-25', 3, 'B'),
('2012-08-26', 1, 'B'),
('2012-08-26', 2, 'B'),
('2012-08-26', 3, 'B'),
('2012-08-27', 1, 'B'),
('2012-08-27', 2, 'B'),
('2012-08-27', 3, 'B'),
('2012-08-28', 1, 'B');
INSERT INTO `temporada_anual` (`fecha`, `md_locacion_id`, `tipo`) VALUES
('2012-08-28', 2, 'B'),
('2012-08-28', 3, 'B'),
('2012-08-29', 1, 'B'),
('2012-08-29', 2, 'B'),
('2012-08-29', 3, 'B'),
('2012-08-30', 1, 'B'),
('2012-08-30', 2, 'B'),
('2012-08-30', 3, 'B'),
('2012-08-31', 1, 'B'),
('2012-08-31', 2, 'B'),
('2012-08-31', 3, 'B'),
('2012-09-01', 1, 'B'),
('2012-09-01', 2, 'B'),
('2012-09-01', 3, 'B'),
('2012-09-02', 1, 'B'),
('2012-09-02', 2, 'B'),
('2012-09-02', 3, 'B'),
('2012-09-03', 1, 'B'),
('2012-09-03', 2, 'B'),
('2012-09-03', 3, 'B'),
('2012-09-04', 1, 'B'),
('2012-09-04', 2, 'B'),
('2012-09-04', 3, 'B'),
('2012-09-05', 1, 'B'),
('2012-09-05', 2, 'B'),
('2012-09-05', 3, 'B'),
('2012-09-06', 1, 'B'),
('2012-09-06', 2, 'B'),
('2012-09-06', 3, 'B'),
('2012-09-07', 1, 'B'),
('2012-09-07', 2, 'B'),
('2012-09-07', 3, 'B'),
('2012-09-08', 1, 'B'),
('2012-09-08', 2, 'B'),
('2012-09-08', 3, 'B'),
('2012-09-09', 1, 'B'),
('2012-09-09', 2, 'B'),
('2012-09-09', 3, 'B'),
('2012-09-10', 1, 'B'),
('2012-09-10', 2, 'B'),
('2012-09-10', 3, 'B'),
('2012-09-11', 1, 'B'),
('2012-09-11', 2, 'B'),
('2012-09-11', 3, 'B'),
('2012-09-12', 1, 'B'),
('2012-09-12', 2, 'B'),
('2012-09-12', 3, 'B'),
('2012-09-13', 1, 'B'),
('2012-09-13', 2, 'B'),
('2012-09-13', 3, 'B'),
('2012-09-14', 1, 'B'),
('2012-09-14', 2, 'B'),
('2012-09-14', 3, 'B'),
('2012-09-15', 1, 'B'),
('2012-09-15', 2, 'B'),
('2012-09-15', 3, 'B'),
('2012-09-16', 1, 'B'),
('2012-09-16', 2, 'B'),
('2012-09-16', 3, 'B'),
('2012-09-17', 1, 'B'),
('2012-09-17', 2, 'B'),
('2012-09-17', 3, 'B'),
('2012-09-18', 1, 'B'),
('2012-09-18', 2, 'B'),
('2012-09-18', 3, 'B'),
('2012-09-19', 1, 'B'),
('2012-09-19', 2, 'B'),
('2012-09-19', 3, 'B'),
('2012-09-20', 1, 'B'),
('2012-09-20', 2, 'B'),
('2012-09-20', 3, 'B'),
('2012-09-21', 1, 'B'),
('2012-09-21', 2, 'B'),
('2012-09-21', 3, 'B'),
('2012-09-22', 1, 'B'),
('2012-09-22', 2, 'B'),
('2012-09-22', 3, 'B'),
('2012-09-23', 1, 'B'),
('2012-09-23', 2, 'B'),
('2012-09-23', 3, 'B'),
('2012-09-24', 1, 'B'),
('2012-09-24', 2, 'B'),
('2012-09-24', 3, 'B'),
('2012-09-25', 1, 'B'),
('2012-09-25', 2, 'B'),
('2012-09-25', 3, 'B'),
('2012-09-26', 1, 'B'),
('2012-09-26', 2, 'B'),
('2012-09-26', 3, 'B'),
('2012-09-27', 1, 'B'),
('2012-09-27', 2, 'B'),
('2012-09-27', 3, 'B'),
('2012-09-28', 1, 'B'),
('2012-09-28', 2, 'B'),
('2012-09-28', 3, 'B'),
('2012-09-29', 1, 'B'),
('2012-09-29', 2, 'B'),
('2012-09-29', 3, 'B'),
('2012-09-30', 1, 'B'),
('2012-09-30', 2, 'B'),
('2012-09-30', 3, 'B'),
('2012-10-01', 1, 'B'),
('2012-10-01', 2, 'B'),
('2012-10-01', 3, 'B'),
('2012-10-02', 1, 'B'),
('2012-10-02', 2, 'B'),
('2012-10-02', 3, 'B'),
('2012-10-03', 1, 'B'),
('2012-10-03', 2, 'B'),
('2012-10-03', 3, 'B'),
('2012-10-04', 1, 'B'),
('2012-10-04', 2, 'B'),
('2012-10-04', 3, 'B'),
('2012-10-05', 1, 'B'),
('2012-10-05', 2, 'B'),
('2012-10-05', 3, 'B'),
('2012-10-06', 1, 'B'),
('2012-10-06', 2, 'B'),
('2012-10-06', 3, 'B'),
('2012-10-07', 1, 'B'),
('2012-10-07', 2, 'B'),
('2012-10-07', 3, 'B'),
('2012-10-08', 1, 'B'),
('2012-10-08', 2, 'B'),
('2012-10-08', 3, 'B'),
('2012-10-09', 1, 'B'),
('2012-10-09', 2, 'B'),
('2012-10-09', 3, 'B'),
('2012-10-10', 1, 'B'),
('2012-10-10', 2, 'B'),
('2012-10-10', 3, 'B'),
('2012-10-11', 1, 'B'),
('2012-10-11', 2, 'B'),
('2012-10-11', 3, 'B'),
('2012-10-12', 1, 'B'),
('2012-10-12', 2, 'B'),
('2012-10-12', 3, 'B'),
('2012-10-13', 1, 'B'),
('2012-10-13', 2, 'B'),
('2012-10-13', 3, 'B'),
('2012-10-14', 1, 'B'),
('2012-10-14', 2, 'B'),
('2012-10-14', 3, 'B'),
('2012-10-15', 1, 'B'),
('2012-10-15', 2, 'B'),
('2012-10-15', 3, 'B'),
('2012-10-16', 1, 'B'),
('2012-10-16', 2, 'B'),
('2012-10-16', 3, 'B'),
('2012-10-17', 1, 'B'),
('2012-10-17', 2, 'B'),
('2012-10-17', 3, 'B'),
('2012-10-18', 1, 'B'),
('2012-10-18', 2, 'B'),
('2012-10-18', 3, 'B'),
('2012-10-19', 1, 'B'),
('2012-10-19', 2, 'B'),
('2012-10-19', 3, 'B'),
('2012-10-20', 1, 'B'),
('2012-10-20', 2, 'B'),
('2012-10-20', 3, 'B'),
('2012-10-21', 1, 'B'),
('2012-10-21', 2, 'B'),
('2012-10-21', 3, 'B'),
('2012-10-22', 1, 'B'),
('2012-10-22', 2, 'B'),
('2012-10-22', 3, 'B'),
('2012-10-23', 1, 'B'),
('2012-10-23', 2, 'B'),
('2012-10-23', 3, 'B'),
('2012-10-24', 1, 'B'),
('2012-10-24', 2, 'B'),
('2012-10-24', 3, 'B'),
('2012-10-25', 1, 'B'),
('2012-10-25', 2, 'B'),
('2012-10-25', 3, 'B'),
('2012-10-26', 1, 'B'),
('2012-10-26', 2, 'B'),
('2012-10-26', 3, 'B'),
('2012-10-27', 1, 'B'),
('2012-10-27', 2, 'B'),
('2012-10-27', 3, 'B'),
('2012-10-28', 1, 'B'),
('2012-10-28', 2, 'B'),
('2012-10-28', 3, 'B'),
('2012-10-29', 1, 'B'),
('2012-10-29', 2, 'B'),
('2012-10-29', 3, 'B'),
('2012-10-30', 1, 'B'),
('2012-10-30', 2, 'B'),
('2012-10-30', 3, 'B'),
('2012-10-31', 1, 'B'),
('2012-10-31', 2, 'B'),
('2012-10-31', 3, 'B'),
('2012-11-01', 1, 'B'),
('2012-11-01', 2, 'B'),
('2012-11-01', 3, 'B'),
('2012-11-02', 1, 'B'),
('2012-11-02', 2, 'B'),
('2012-11-02', 3, 'B'),
('2012-11-03', 1, 'B'),
('2012-11-03', 2, 'B'),
('2012-11-03', 3, 'B'),
('2012-11-04', 1, 'B'),
('2012-11-04', 2, 'B'),
('2012-11-04', 3, 'B'),
('2012-11-05', 1, 'B'),
('2012-11-05', 2, 'B'),
('2012-11-05', 3, 'B'),
('2012-11-06', 1, 'B'),
('2012-11-06', 2, 'B'),
('2012-11-06', 3, 'B'),
('2012-11-07', 1, 'B'),
('2012-11-07', 2, 'B'),
('2012-11-07', 3, 'B'),
('2012-11-08', 1, 'B'),
('2012-11-08', 2, 'B'),
('2012-11-08', 3, 'B'),
('2012-11-09', 1, 'B'),
('2012-11-09', 2, 'B'),
('2012-11-09', 3, 'B'),
('2012-11-10', 1, 'B'),
('2012-11-10', 2, 'B'),
('2012-11-10', 3, 'B'),
('2012-11-11', 1, 'B'),
('2012-11-11', 2, 'B'),
('2012-11-11', 3, 'B'),
('2012-11-12', 1, 'B'),
('2012-11-12', 2, 'B'),
('2012-11-12', 3, 'B'),
('2012-11-13', 1, 'B'),
('2012-11-13', 2, 'B'),
('2012-11-13', 3, 'B'),
('2012-11-14', 1, 'B'),
('2012-11-14', 2, 'B'),
('2012-11-14', 3, 'B'),
('2012-11-15', 1, 'B'),
('2012-11-15', 2, 'B'),
('2012-11-15', 3, 'B'),
('2012-11-16', 1, 'B'),
('2012-11-16', 2, 'B'),
('2012-11-16', 3, 'B'),
('2012-11-17', 1, 'B'),
('2012-11-17', 2, 'B'),
('2012-11-17', 3, 'B'),
('2012-11-18', 1, 'B'),
('2012-11-18', 2, 'B'),
('2012-11-18', 3, 'B'),
('2012-11-19', 1, 'B'),
('2012-11-19', 2, 'B'),
('2012-11-19', 3, 'B'),
('2012-11-20', 1, 'B'),
('2012-11-20', 2, 'B'),
('2012-11-20', 3, 'B'),
('2012-11-21', 1, 'B'),
('2012-11-21', 2, 'B'),
('2012-11-21', 3, 'B'),
('2012-11-22', 1, 'B'),
('2012-11-22', 2, 'B'),
('2012-11-22', 3, 'B'),
('2012-11-23', 1, 'B'),
('2012-11-23', 2, 'B'),
('2012-11-23', 3, 'B'),
('2012-11-24', 1, 'B'),
('2012-11-24', 2, 'B'),
('2012-11-24', 3, 'B'),
('2012-11-25', 1, 'B'),
('2012-11-25', 2, 'B'),
('2012-11-25', 3, 'B'),
('2012-11-26', 1, 'B'),
('2012-11-26', 2, 'B'),
('2012-11-26', 3, 'B'),
('2012-11-27', 1, 'B'),
('2012-11-27', 2, 'B'),
('2012-11-27', 3, 'B'),
('2012-11-28', 1, 'B'),
('2012-11-28', 2, 'B'),
('2012-11-28', 3, 'B'),
('2012-11-29', 1, 'B'),
('2012-11-29', 2, 'B'),
('2012-11-29', 3, 'B'),
('2012-11-30', 1, 'B'),
('2012-11-30', 2, 'B'),
('2012-11-30', 3, 'B'),
('2012-12-01', 1, 'B'),
('2012-12-01', 2, 'B'),
('2012-12-01', 3, 'B'),
('2012-12-02', 1, 'B'),
('2012-12-02', 2, 'B'),
('2012-12-02', 3, 'B'),
('2012-12-03', 1, 'B'),
('2012-12-03', 2, 'B'),
('2012-12-03', 3, 'B'),
('2012-12-04', 1, 'B'),
('2012-12-04', 2, 'B'),
('2012-12-04', 3, 'B'),
('2012-12-05', 1, 'B'),
('2012-12-05', 2, 'B'),
('2012-12-05', 3, 'B'),
('2012-12-06', 1, 'B'),
('2012-12-06', 2, 'B'),
('2012-12-06', 3, 'B'),
('2012-12-07', 1, 'B'),
('2012-12-07', 2, 'B'),
('2012-12-07', 3, 'B'),
('2012-12-08', 1, 'B'),
('2012-12-08', 2, 'B'),
('2012-12-08', 3, 'B'),
('2012-12-09', 1, 'B'),
('2012-12-09', 2, 'B'),
('2012-12-09', 3, 'B'),
('2012-12-10', 1, 'B'),
('2012-12-10', 2, 'B'),
('2012-12-10', 3, 'B'),
('2012-12-11', 1, 'B'),
('2012-12-11', 2, 'B'),
('2012-12-11', 3, 'B'),
('2012-12-12', 1, 'B'),
('2012-12-12', 2, 'B'),
('2012-12-12', 3, 'B'),
('2012-12-13', 1, 'B'),
('2012-12-13', 2, 'B'),
('2012-12-13', 3, 'B'),
('2012-12-14', 1, 'B'),
('2012-12-14', 2, 'B'),
('2012-12-14', 3, 'B'),
('2012-12-15', 1, 'B'),
('2012-12-15', 2, 'B'),
('2012-12-15', 3, 'B'),
('2012-12-16', 1, 'B'),
('2012-12-16', 2, 'B'),
('2012-12-16', 3, 'B'),
('2012-12-17', 1, 'B'),
('2012-12-17', 2, 'B'),
('2012-12-17', 3, 'B'),
('2012-12-18', 1, 'B'),
('2012-12-18', 2, 'B'),
('2012-12-18', 3, 'B'),
('2012-12-19', 1, 'B'),
('2012-12-19', 2, 'B'),
('2012-12-19', 3, 'B'),
('2012-12-20', 1, 'B'),
('2012-12-20', 2, 'B'),
('2012-12-20', 3, 'B'),
('2012-12-21', 1, 'B'),
('2012-12-21', 2, 'B'),
('2012-12-21', 3, 'B'),
('2012-12-22', 1, 'B'),
('2012-12-22', 2, 'B'),
('2012-12-22', 3, 'B'),
('2012-12-23', 1, 'B'),
('2012-12-23', 2, 'B'),
('2012-12-23', 3, 'B'),
('2012-12-24', 1, 'B'),
('2012-12-24', 2, 'B'),
('2012-12-24', 3, 'B'),
('2012-12-25', 1, 'B'),
('2012-12-25', 2, 'B'),
('2012-12-25', 3, 'B'),
('2012-12-26', 1, 'B'),
('2012-12-26', 2, 'B'),
('2012-12-26', 3, 'B'),
('2012-12-27', 1, 'B'),
('2012-12-27', 2, 'B'),
('2012-12-27', 3, 'B'),
('2012-12-28', 1, 'A'),
('2012-12-28', 2, 'A'),
('2012-12-28', 3, 'B'),
('2012-12-29', 1, 'A'),
('2012-12-29', 2, 'A'),
('2012-12-29', 3, 'B'),
('2012-12-30', 1, 'A'),
('2012-12-30', 2, 'A'),
('2012-12-30', 3, 'B'),
('2012-12-31', 1, 'A'),
('2012-12-31', 2, 'A'),
('2012-12-31', 3, 'B'),
('2013-01-01', 1, 'A'),
('2013-01-01', 2, 'A'),
('2013-01-01', 3, 'B'),
('2013-01-02', 1, 'A'),
('2013-01-02', 2, 'A'),
('2013-01-02', 3, 'B'),
('2013-01-03', 1, 'A'),
('2013-01-03', 2, 'A'),
('2013-01-03', 3, 'B'),
('2013-01-04', 1, 'A'),
('2013-01-04', 2, 'A'),
('2013-01-04', 3, 'B'),
('2013-01-05', 1, 'A'),
('2013-01-05', 2, 'A'),
('2013-01-05', 3, 'B'),
('2013-01-06', 1, 'A'),
('2013-01-06', 2, 'A'),
('2013-01-06', 3, 'B'),
('2013-01-07', 1, 'A'),
('2013-01-07', 2, 'A'),
('2013-01-07', 3, 'B'),
('2013-01-08', 1, 'A'),
('2013-01-08', 2, 'A'),
('2013-01-08', 3, 'B'),
('2013-01-09', 1, 'A'),
('2013-01-09', 2, 'A'),
('2013-01-09', 3, 'B'),
('2013-01-10', 1, 'A'),
('2013-01-10', 2, 'A'),
('2013-01-10', 3, 'B'),
('2013-01-11', 1, 'A'),
('2013-01-11', 2, 'A'),
('2013-01-11', 3, 'B'),
('2013-01-12', 1, 'A'),
('2013-01-12', 2, 'A'),
('2013-01-12', 3, 'B'),
('2013-01-13', 1, 'A'),
('2013-01-13', 2, 'A'),
('2013-01-13', 3, 'B'),
('2013-01-14', 1, 'A'),
('2013-01-14', 2, 'A'),
('2013-01-14', 3, 'B'),
('2013-01-15', 1, 'A'),
('2013-01-15', 2, 'A'),
('2013-01-15', 3, 'B'),
('2013-01-16', 1, 'A'),
('2013-01-16', 2, 'A'),
('2013-01-16', 3, 'B'),
('2013-01-17', 1, 'A'),
('2013-01-17', 2, 'A'),
('2013-01-17', 3, 'B'),
('2013-01-18', 1, 'A'),
('2013-01-18', 2, 'A'),
('2013-01-18', 3, 'B'),
('2013-01-19', 1, 'A'),
('2013-01-19', 2, 'A'),
('2013-01-19', 3, 'B'),
('2013-01-20', 1, 'A'),
('2013-01-20', 2, 'A'),
('2013-01-20', 3, 'B'),
('2013-01-21', 1, 'A'),
('2013-01-21', 2, 'A'),
('2013-01-21', 3, 'B'),
('2013-01-22', 1, 'A'),
('2013-01-22', 2, 'A'),
('2013-01-22', 3, 'B'),
('2013-01-23', 1, 'A'),
('2013-01-23', 2, 'A'),
('2013-01-23', 3, 'B'),
('2013-01-24', 1, 'A'),
('2013-01-24', 2, 'A'),
('2013-01-24', 3, 'B'),
('2013-01-25', 1, 'A'),
('2013-01-25', 2, 'A'),
('2013-01-25', 3, 'B'),
('2013-01-26', 1, 'A'),
('2013-01-26', 2, 'A'),
('2013-01-26', 3, 'B'),
('2013-01-27', 1, 'A'),
('2013-01-27', 2, 'A'),
('2013-01-27', 3, 'B'),
('2013-01-28', 1, 'A'),
('2013-01-28', 2, 'A'),
('2013-01-28', 3, 'B'),
('2013-01-29', 1, 'A'),
('2013-01-29', 2, 'A'),
('2013-01-29', 3, 'B'),
('2013-01-30', 1, 'A'),
('2013-01-30', 2, 'A'),
('2013-01-30', 3, 'B'),
('2013-01-31', 1, 'A'),
('2013-01-31', 2, 'A'),
('2013-01-31', 3, 'B'),
('2013-02-01', 1, 'A'),
('2013-02-01', 2, 'A'),
('2013-02-01', 3, 'B'),
('2013-02-02', 1, 'A'),
('2013-02-02', 2, 'A'),
('2013-02-02', 3, 'B'),
('2013-02-03', 1, 'A'),
('2013-02-03', 2, 'A'),
('2013-02-03', 3, 'B'),
('2013-02-04', 1, 'A'),
('2013-02-04', 2, 'A'),
('2013-02-04', 3, 'B'),
('2013-02-05', 1, 'A'),
('2013-02-05', 2, 'A'),
('2013-02-05', 3, 'B'),
('2013-02-06', 1, 'A'),
('2013-02-06', 2, 'A'),
('2013-02-06', 3, 'B'),
('2013-02-07', 1, 'A'),
('2013-02-07', 2, 'A'),
('2013-02-07', 3, 'B'),
('2013-02-08', 1, 'A'),
('2013-02-08', 2, 'A'),
('2013-02-08', 3, 'B'),
('2013-02-09', 1, 'A'),
('2013-02-09', 2, 'A'),
('2013-02-09', 3, 'B'),
('2013-02-10', 1, 'A'),
('2013-02-10', 2, 'A'),
('2013-02-10', 3, 'B'),
('2013-02-11', 1, 'A'),
('2013-02-11', 2, 'A'),
('2013-02-11', 3, 'B'),
('2013-02-12', 1, 'A'),
('2013-02-12', 2, 'A'),
('2013-02-12', 3, 'B'),
('2013-02-13', 1, 'A'),
('2013-02-13', 2, 'A'),
('2013-02-13', 3, 'B'),
('2013-02-14', 1, 'A'),
('2013-02-14', 2, 'A'),
('2013-02-14', 3, 'B'),
('2013-02-15', 1, 'A'),
('2013-02-15', 2, 'A'),
('2013-02-15', 3, 'B'),
('2013-02-16', 1, 'A'),
('2013-02-16', 2, 'A'),
('2013-02-16', 3, 'B'),
('2013-02-17', 1, 'A'),
('2013-02-17', 2, 'A'),
('2013-02-17', 3, 'B'),
('2013-02-18', 1, 'A'),
('2013-02-18', 2, 'A'),
('2013-02-18', 3, 'B'),
('2013-02-19', 1, 'A'),
('2013-02-19', 2, 'A'),
('2013-02-19', 3, 'B'),
('2013-02-20', 1, 'A'),
('2013-02-20', 2, 'A'),
('2013-02-20', 3, 'B'),
('2013-02-21', 1, 'A'),
('2013-02-21', 2, 'A'),
('2013-02-21', 3, 'B'),
('2013-02-22', 1, 'A'),
('2013-02-22', 2, 'A'),
('2013-02-22', 3, 'B'),
('2013-02-23', 1, 'A'),
('2013-02-23', 2, 'A'),
('2013-02-23', 3, 'B'),
('2013-02-24', 1, 'A'),
('2013-02-24', 2, 'A'),
('2013-02-24', 3, 'B'),
('2013-02-25', 1, 'A'),
('2013-02-25', 2, 'A'),
('2013-02-25', 3, 'B'),
('2013-02-26', 1, 'A'),
('2013-02-26', 2, 'A'),
('2013-02-26', 3, 'B'),
('2013-02-27', 1, 'A'),
('2013-02-27', 2, 'A'),
('2013-02-27', 3, 'B'),
('2013-02-28', 1, 'A'),
('2013-02-28', 2, 'A'),
('2013-02-28', 3, 'B'),
('2013-03-01', 1, 'B'),
('2013-03-01', 2, 'B'),
('2013-03-01', 3, 'B'),
('2013-03-02', 1, 'B'),
('2013-03-02', 2, 'B'),
('2013-03-02', 3, 'B'),
('2013-03-03', 1, 'B'),
('2013-03-03', 2, 'B'),
('2013-03-03', 3, 'B'),
('2013-03-04', 1, 'B'),
('2013-03-04', 2, 'B'),
('2013-03-04', 3, 'B'),
('2013-03-05', 1, 'B'),
('2013-03-05', 2, 'B'),
('2013-03-05', 3, 'B'),
('2013-03-06', 1, 'B'),
('2013-03-06', 2, 'B'),
('2013-03-06', 3, 'B'),
('2013-03-07', 1, 'B'),
('2013-03-07', 2, 'B'),
('2013-03-07', 3, 'B'),
('2013-03-08', 1, 'B'),
('2013-03-08', 2, 'B'),
('2013-03-08', 3, 'B'),
('2013-03-09', 1, 'B'),
('2013-03-09', 2, 'B'),
('2013-03-09', 3, 'B'),
('2013-03-10', 1, 'B'),
('2013-03-10', 2, 'B'),
('2013-03-10', 3, 'B'),
('2013-03-11', 1, 'B'),
('2013-03-11', 2, 'B'),
('2013-03-11', 3, 'B'),
('2013-03-12', 1, 'B'),
('2013-03-12', 2, 'B'),
('2013-03-12', 3, 'B'),
('2013-03-13', 1, 'B'),
('2013-03-13', 2, 'B'),
('2013-03-13', 3, 'B'),
('2013-03-14', 1, 'B'),
('2013-03-14', 2, 'B'),
('2013-03-14', 3, 'B'),
('2013-03-15', 1, 'B'),
('2013-03-15', 2, 'B'),
('2013-03-15', 3, 'B'),
('2013-03-16', 1, 'B'),
('2013-03-16', 2, 'B'),
('2013-03-16', 3, 'B'),
('2013-03-17', 1, 'B'),
('2013-03-17', 2, 'B'),
('2013-03-17', 3, 'B'),
('2013-03-18', 1, 'B'),
('2013-03-18', 2, 'B'),
('2013-03-18', 3, 'B'),
('2013-03-19', 1, 'B'),
('2013-03-19', 2, 'B'),
('2013-03-19', 3, 'B'),
('2013-03-20', 1, 'B'),
('2013-03-20', 2, 'B'),
('2013-03-20', 3, 'B'),
('2013-03-21', 1, 'B'),
('2013-03-21', 2, 'B'),
('2013-03-21', 3, 'B'),
('2013-03-22', 1, 'B'),
('2013-03-22', 2, 'B'),
('2013-03-22', 3, 'B'),
('2013-03-23', 1, 'B'),
('2013-03-23', 2, 'B'),
('2013-03-23', 3, 'B'),
('2013-03-24', 1, 'B'),
('2013-03-24', 2, 'B'),
('2013-03-24', 3, 'B'),
('2013-03-25', 1, 'B'),
('2013-03-25', 2, 'B'),
('2013-03-25', 3, 'B'),
('2013-03-26', 1, 'B'),
('2013-03-26', 2, 'B'),
('2013-03-26', 3, 'B'),
('2013-03-27', 1, 'B'),
('2013-03-27', 2, 'B'),
('2013-03-27', 3, 'B'),
('2013-03-28', 1, 'B'),
('2013-03-28', 2, 'B'),
('2013-03-28', 3, 'B'),
('2013-03-29', 1, 'B'),
('2013-03-29', 2, 'B'),
('2013-03-29', 3, 'B'),
('2013-03-30', 1, 'B'),
('2013-03-30', 2, 'B'),
('2013-03-30', 3, 'B'),
('2013-03-31', 1, 'B'),
('2013-03-31', 2, 'B'),
('2013-03-31', 3, 'B'),
('2013-04-01', 1, 'A'),
('2013-04-01', 2, 'A'),
('2013-04-01', 3, 'B'),
('2013-04-02', 1, 'A'),
('2013-04-02', 2, 'A'),
('2013-04-02', 3, 'B'),
('2013-04-03', 1, 'A'),
('2013-04-03', 2, 'A'),
('2013-04-03', 3, 'B'),
('2013-04-04', 1, 'A'),
('2013-04-04', 2, 'A'),
('2013-04-04', 3, 'B'),
('2013-04-05', 1, 'A'),
('2013-04-05', 2, 'A'),
('2013-04-05', 3, 'B'),
('2013-04-06', 1, 'A'),
('2013-04-06', 2, 'A'),
('2013-04-06', 3, 'B'),
('2013-04-07', 1, 'A'),
('2013-04-07', 2, 'A'),
('2013-04-07', 3, 'B'),
('2013-04-08', 1, 'A'),
('2013-04-08', 2, 'A'),
('2013-04-08', 3, 'B'),
('2013-04-09', 1, 'B'),
('2013-04-09', 2, 'B'),
('2013-04-09', 3, 'B'),
('2013-04-10', 1, 'B'),
('2013-04-10', 2, 'B'),
('2013-04-10', 3, 'B'),
('2013-04-11', 1, 'B'),
('2013-04-11', 2, 'B'),
('2013-04-11', 3, 'B'),
('2013-04-12', 1, 'B'),
('2013-04-12', 2, 'B'),
('2013-04-12', 3, 'B'),
('2013-04-13', 1, 'B'),
('2013-04-13', 2, 'B'),
('2013-04-13', 3, 'B'),
('2013-04-14', 1, 'B'),
('2013-04-14', 2, 'B'),
('2013-04-14', 3, 'B'),
('2013-04-15', 1, 'B'),
('2013-04-15', 2, 'B'),
('2013-04-15', 3, 'B'),
('2013-04-16', 1, 'B'),
('2013-04-16', 2, 'B'),
('2013-04-16', 3, 'B'),
('2013-04-17', 1, 'B'),
('2013-04-17', 2, 'B'),
('2013-04-17', 3, 'B'),
('2013-04-18', 1, 'B'),
('2013-04-18', 2, 'B'),
('2013-04-18', 3, 'B'),
('2013-04-19', 1, 'B'),
('2013-04-19', 2, 'B'),
('2013-04-19', 3, 'B'),
('2013-04-20', 1, 'B'),
('2013-04-20', 2, 'B'),
('2013-04-20', 3, 'B'),
('2013-04-21', 1, 'B'),
('2013-04-21', 2, 'B'),
('2013-04-21', 3, 'B'),
('2013-04-22', 1, 'B'),
('2013-04-22', 2, 'B'),
('2013-04-22', 3, 'B'),
('2013-04-23', 1, 'B'),
('2013-04-23', 2, 'B'),
('2013-04-23', 3, 'B'),
('2013-04-24', 1, 'B'),
('2013-04-24', 2, 'B'),
('2013-04-24', 3, 'B'),
('2013-04-25', 1, 'B'),
('2013-04-25', 2, 'B'),
('2013-04-25', 3, 'B'),
('2013-04-26', 1, 'B'),
('2013-04-26', 2, 'B'),
('2013-04-26', 3, 'B'),
('2013-04-27', 1, 'B'),
('2013-04-27', 2, 'B'),
('2013-04-27', 3, 'B'),
('2013-04-28', 1, 'B'),
('2013-04-28', 2, 'B'),
('2013-04-28', 3, 'B'),
('2013-04-29', 1, 'B'),
('2013-04-29', 2, 'B'),
('2013-04-29', 3, 'B'),
('2013-04-30', 1, 'B'),
('2013-04-30', 2, 'B'),
('2013-04-30', 3, 'B'),
('2013-05-01', 1, 'B'),
('2013-05-01', 2, 'B'),
('2013-05-01', 3, 'B'),
('2013-05-02', 1, 'B'),
('2013-05-02', 2, 'B'),
('2013-05-02', 3, 'B'),
('2013-05-03', 1, 'B'),
('2013-05-03', 2, 'B'),
('2013-05-03', 3, 'B'),
('2013-05-04', 1, 'B'),
('2013-05-04', 2, 'B'),
('2013-05-04', 3, 'B'),
('2013-05-05', 1, 'B'),
('2013-05-05', 2, 'B'),
('2013-05-05', 3, 'B'),
('2013-05-06', 1, 'B'),
('2013-05-06', 2, 'B'),
('2013-05-06', 3, 'B'),
('2013-05-07', 1, 'B'),
('2013-05-07', 2, 'B'),
('2013-05-07', 3, 'B'),
('2013-05-08', 1, 'B'),
('2013-05-08', 2, 'B'),
('2013-05-08', 3, 'B'),
('2013-05-09', 1, 'B'),
('2013-05-09', 2, 'B'),
('2013-05-09', 3, 'B'),
('2013-05-10', 1, 'B'),
('2013-05-10', 2, 'B'),
('2013-05-10', 3, 'B'),
('2013-05-11', 1, 'B'),
('2013-05-11', 2, 'B'),
('2013-05-11', 3, 'B'),
('2013-05-12', 1, 'B'),
('2013-05-12', 2, 'B'),
('2013-05-12', 3, 'B'),
('2013-05-13', 1, 'B'),
('2013-05-13', 2, 'B'),
('2013-05-13', 3, 'B'),
('2013-05-14', 1, 'B'),
('2013-05-14', 2, 'B'),
('2013-05-14', 3, 'B'),
('2013-05-15', 1, 'B'),
('2013-05-15', 2, 'B'),
('2013-05-15', 3, 'B'),
('2013-05-16', 1, 'B'),
('2013-05-16', 2, 'B'),
('2013-05-16', 3, 'B'),
('2013-05-17', 1, 'B'),
('2013-05-17', 2, 'B'),
('2013-05-17', 3, 'B'),
('2013-05-18', 1, 'B'),
('2013-05-18', 2, 'B'),
('2013-05-18', 3, 'B'),
('2013-05-19', 1, 'B'),
('2013-05-19', 2, 'B'),
('2013-05-19', 3, 'B'),
('2013-05-20', 1, 'B'),
('2013-05-20', 2, 'B'),
('2013-05-20', 3, 'B'),
('2013-05-21', 1, 'B'),
('2013-05-21', 2, 'B'),
('2013-05-21', 3, 'B'),
('2013-05-22', 1, 'B'),
('2013-05-22', 2, 'B'),
('2013-05-22', 3, 'B'),
('2013-05-23', 1, 'B'),
('2013-05-23', 2, 'B'),
('2013-05-23', 3, 'B'),
('2013-05-24', 1, 'B'),
('2013-05-24', 2, 'B'),
('2013-05-24', 3, 'B'),
('2013-05-25', 1, 'B'),
('2013-05-25', 2, 'B'),
('2013-05-25', 3, 'B'),
('2013-05-26', 1, 'B'),
('2013-05-26', 2, 'B'),
('2013-05-26', 3, 'B'),
('2013-05-27', 1, 'B'),
('2013-05-27', 2, 'B'),
('2013-05-27', 3, 'B'),
('2013-05-28', 1, 'B'),
('2013-05-28', 2, 'B'),
('2013-05-28', 3, 'B'),
('2013-05-29', 1, 'B'),
('2013-05-29', 2, 'B'),
('2013-05-29', 3, 'B'),
('2013-05-30', 1, 'B'),
('2013-05-30', 2, 'B'),
('2013-05-30', 3, 'B'),
('2013-05-31', 1, 'B'),
('2013-05-31', 2, 'B'),
('2013-05-31', 3, 'B'),
('2013-06-01', 1, 'B'),
('2013-06-01', 2, 'B'),
('2013-06-01', 3, 'B'),
('2013-06-02', 1, 'B'),
('2013-06-02', 2, 'B'),
('2013-06-02', 3, 'B'),
('2013-06-03', 1, 'B'),
('2013-06-03', 2, 'B'),
('2013-06-03', 3, 'B'),
('2013-06-04', 1, 'B'),
('2013-06-04', 2, 'B'),
('2013-06-04', 3, 'B'),
('2013-06-05', 1, 'B'),
('2013-06-05', 2, 'B'),
('2013-06-05', 3, 'B'),
('2013-06-06', 1, 'B'),
('2013-06-06', 2, 'B'),
('2013-06-06', 3, 'B'),
('2013-06-07', 1, 'B'),
('2013-06-07', 2, 'B'),
('2013-06-07', 3, 'B'),
('2013-06-08', 1, 'B'),
('2013-06-08', 2, 'B'),
('2013-06-08', 3, 'B'),
('2013-06-09', 1, 'B'),
('2013-06-09', 2, 'B'),
('2013-06-09', 3, 'B'),
('2013-06-10', 1, 'B'),
('2013-06-10', 2, 'B'),
('2013-06-10', 3, 'B'),
('2013-06-11', 1, 'B'),
('2013-06-11', 2, 'B'),
('2013-06-11', 3, 'B'),
('2013-06-12', 1, 'B'),
('2013-06-12', 2, 'B'),
('2013-06-12', 3, 'B'),
('2013-06-13', 1, 'B'),
('2013-06-13', 2, 'B'),
('2013-06-13', 3, 'B'),
('2013-06-14', 1, 'B'),
('2013-06-14', 2, 'B'),
('2013-06-14', 3, 'B'),
('2013-06-15', 1, 'B'),
('2013-06-15', 2, 'B'),
('2013-06-15', 3, 'B'),
('2013-06-16', 1, 'B'),
('2013-06-16', 2, 'B'),
('2013-06-16', 3, 'B'),
('2013-06-17', 1, 'B'),
('2013-06-17', 2, 'B'),
('2013-06-17', 3, 'B'),
('2013-06-18', 1, 'B'),
('2013-06-18', 2, 'B'),
('2013-06-18', 3, 'B'),
('2013-06-19', 1, 'B'),
('2013-06-19', 2, 'B'),
('2013-06-19', 3, 'B'),
('2013-06-20', 1, 'B'),
('2013-06-20', 2, 'B'),
('2013-06-20', 3, 'B'),
('2013-06-21', 1, 'B'),
('2013-06-21', 2, 'B'),
('2013-06-21', 3, 'B'),
('2013-06-22', 1, 'B'),
('2013-06-22', 2, 'B'),
('2013-06-22', 3, 'B'),
('2013-06-23', 1, 'B'),
('2013-06-23', 2, 'B'),
('2013-06-23', 3, 'B'),
('2013-06-24', 1, 'B'),
('2013-06-24', 2, 'B'),
('2013-06-24', 3, 'B'),
('2013-06-25', 1, 'B'),
('2013-06-25', 2, 'B'),
('2013-06-25', 3, 'B'),
('2013-06-26', 1, 'B'),
('2013-06-26', 2, 'B'),
('2013-06-26', 3, 'B'),
('2013-06-27', 1, 'B'),
('2013-06-27', 2, 'B'),
('2013-06-27', 3, 'B'),
('2013-06-28', 1, 'B'),
('2013-06-28', 2, 'B'),
('2013-06-28', 3, 'B'),
('2013-06-29', 1, 'B'),
('2013-06-29', 2, 'B'),
('2013-06-29', 3, 'B'),
('2013-06-30', 1, 'B'),
('2013-06-30', 2, 'B'),
('2013-06-30', 3, 'B'),
('2013-07-01', 1, 'B'),
('2013-07-01', 2, 'B'),
('2013-07-01', 3, 'B'),
('2013-07-02', 1, 'B'),
('2013-07-02', 2, 'B'),
('2013-07-02', 3, 'B'),
('2013-07-03', 1, 'B'),
('2013-07-03', 2, 'B'),
('2013-07-03', 3, 'B'),
('2013-07-04', 1, 'B'),
('2013-07-04', 2, 'B'),
('2013-07-04', 3, 'B'),
('2013-07-05', 1, 'B'),
('2013-07-05', 2, 'B'),
('2013-07-05', 3, 'B'),
('2013-07-06', 1, 'B'),
('2013-07-06', 2, 'B'),
('2013-07-06', 3, 'B'),
('2013-07-07', 1, 'B'),
('2013-07-07', 2, 'B'),
('2013-07-07', 3, 'B'),
('2013-07-08', 1, 'B'),
('2013-07-08', 2, 'B'),
('2013-07-08', 3, 'B'),
('2013-07-09', 1, 'B'),
('2013-07-09', 2, 'B'),
('2013-07-09', 3, 'B'),
('2013-07-10', 1, 'B'),
('2013-07-10', 2, 'B'),
('2013-07-10', 3, 'B'),
('2013-07-11', 1, 'B'),
('2013-07-11', 2, 'B'),
('2013-07-11', 3, 'B'),
('2013-07-12', 1, 'B'),
('2013-07-12', 2, 'B'),
('2013-07-12', 3, 'B'),
('2013-07-13', 1, 'B'),
('2013-07-13', 2, 'B'),
('2013-07-13', 3, 'B'),
('2013-07-14', 1, 'B'),
('2013-07-14', 2, 'B'),
('2013-07-14', 3, 'B'),
('2013-07-15', 1, 'B'),
('2013-07-15', 2, 'B'),
('2013-07-15', 3, 'B'),
('2013-07-16', 1, 'B'),
('2013-07-16', 2, 'B'),
('2013-07-16', 3, 'B'),
('2013-07-17', 1, 'B'),
('2013-07-17', 2, 'B'),
('2013-07-17', 3, 'B'),
('2013-07-18', 1, 'B'),
('2013-07-18', 2, 'B'),
('2013-07-18', 3, 'B'),
('2013-07-19', 1, 'B'),
('2013-07-19', 2, 'B'),
('2013-07-19', 3, 'B'),
('2013-07-20', 1, 'B'),
('2013-07-20', 2, 'B'),
('2013-07-20', 3, 'B'),
('2013-07-21', 1, 'B'),
('2013-07-21', 2, 'B'),
('2013-07-21', 3, 'B'),
('2013-07-22', 1, 'B'),
('2013-07-22', 2, 'B'),
('2013-07-22', 3, 'B'),
('2013-07-23', 1, 'B'),
('2013-07-23', 2, 'B'),
('2013-07-23', 3, 'B'),
('2013-07-24', 1, 'B'),
('2013-07-24', 2, 'B'),
('2013-07-24', 3, 'B'),
('2013-07-25', 1, 'B'),
('2013-07-25', 2, 'B'),
('2013-07-25', 3, 'B'),
('2013-07-26', 1, 'B'),
('2013-07-26', 2, 'B'),
('2013-07-26', 3, 'B'),
('2013-07-27', 1, 'B'),
('2013-07-27', 2, 'B'),
('2013-07-27', 3, 'B'),
('2013-07-28', 1, 'B'),
('2013-07-28', 2, 'B'),
('2013-07-28', 3, 'B'),
('2013-07-29', 1, 'B'),
('2013-07-29', 2, 'B'),
('2013-07-29', 3, 'B'),
('2013-07-30', 1, 'B'),
('2013-07-30', 2, 'B'),
('2013-07-30', 3, 'B'),
('2013-07-31', 1, 'B'),
('2013-07-31', 2, 'B'),
('2013-07-31', 3, 'B'),
('2013-08-01', 1, 'B'),
('2013-08-01', 2, 'B'),
('2013-08-01', 3, 'B'),
('2013-08-02', 1, 'B'),
('2013-08-02', 2, 'B'),
('2013-08-02', 3, 'B'),
('2013-08-03', 1, 'B'),
('2013-08-03', 2, 'B'),
('2013-08-03', 3, 'B');

--
-- Constraints for dumped tables
--

--
-- Constraints for table `md_apartamento`
--
ALTER TABLE `md_apartamento`
  ADD CONSTRAINT `md_apartamento_md_currency_id_md_currency_id` FOREIGN KEY (`md_currency_id`) REFERENCES `md_currency` (`id`) ON DELETE CASCADE,
  ADD CONSTRAINT `md_apartamento_md_locacion_id_md_locacion_id` FOREIGN KEY (`md_locacion_id`) REFERENCES `md_locacion` (`id`) ON DELETE CASCADE,
  ADD CONSTRAINT `md_apartamento_md_user_id_md_user_id` FOREIGN KEY (`md_user_id`) REFERENCES `md_user` (`id`) ON DELETE CASCADE;

--
-- Constraints for table `md_apartamento_md_comodidad`
--
ALTER TABLE `md_apartamento_md_comodidad`
  ADD CONSTRAINT `md_apartamento_md_comodidad_md_apartamento_id_md_apartamento_id` FOREIGN KEY (`md_apartamento_id`) REFERENCES `md_apartamento` (`id`) ON DELETE CASCADE,
  ADD CONSTRAINT `md_apartamento_md_comodidad_md_comodidad_id_md_comodidad_id` FOREIGN KEY (`md_comodidad_id`) REFERENCES `md_comodidad` (`id`) ON DELETE CASCADE;

--
-- Constraints for table `md_apartamento_translation`
--
ALTER TABLE `md_apartamento_translation`
  ADD CONSTRAINT `md_apartamento_translation_id_md_apartamento_id` FOREIGN KEY (`id`) REFERENCES `md_apartamento` (`id`) ON DELETE CASCADE ON UPDATE CASCADE;

--
-- Constraints for table `md_comodidad_translation`
--
ALTER TABLE `md_comodidad_translation`
  ADD CONSTRAINT `md_comodidad_translation_id_md_comodidad_id` FOREIGN KEY (`id`) REFERENCES `md_comodidad` (`id`) ON DELETE CASCADE ON UPDATE CASCADE;

--
-- Constraints for table `md_content`
--
ALTER TABLE `md_content`
  ADD CONSTRAINT `md_content_md_user_id_md_user_id` FOREIGN KEY (`md_user_id`) REFERENCES `md_user` (`id`) ON DELETE CASCADE;

--
-- Constraints for table `md_content_relation`
--
ALTER TABLE `md_content_relation`
  ADD CONSTRAINT `md_content_relation_md_content_id_first_md_content_id` FOREIGN KEY (`md_content_id_first`) REFERENCES `md_content` (`id`),
  ADD CONSTRAINT `md_content_relation_md_content_id_second_md_content_id` FOREIGN KEY (`md_content_id_second`) REFERENCES `md_content` (`id`);

--
-- Constraints for table `md_currency_convertion`
--
ALTER TABLE `md_currency_convertion`
  ADD CONSTRAINT `md_currency_convertion_currency_from_md_currency_id` FOREIGN KEY (`currency_from`) REFERENCES `md_currency` (`id`),
  ADD CONSTRAINT `md_currency_convertion_currency_to_md_currency_id` FOREIGN KEY (`currency_to`) REFERENCES `md_currency` (`id`);

--
-- Constraints for table `md_currency_translation`
--
ALTER TABLE `md_currency_translation`
  ADD CONSTRAINT `md_currency_translation_id_md_currency_id` FOREIGN KEY (`id`) REFERENCES `md_currency` (`id`) ON DELETE CASCADE ON UPDATE CASCADE;

--
-- Constraints for table `md_detalle`
--
ALTER TABLE `md_detalle`
  ADD CONSTRAINT `md_detalle_md_apartamento_id_md_apartamento_id` FOREIGN KEY (`md_apartamento_id`) REFERENCES `md_apartamento` (`id`) ON DELETE CASCADE;

--
-- Constraints for table `md_disponibilidad`
--
ALTER TABLE `md_disponibilidad`
  ADD CONSTRAINT `md_disponibilidad_md_apartamento_id_md_apartamento_id` FOREIGN KEY (`md_apartamento_id`) REFERENCES `md_apartamento` (`id`) ON DELETE CASCADE;

--
-- Constraints for table `md_generic_sale`
--
ALTER TABLE `md_generic_sale`
  ADD CONSTRAINT `md_generic_sale_md_payment_id_md_generic_payment_id` FOREIGN KEY (`md_payment_id`) REFERENCES `md_generic_payment` (`id`) ON DELETE CASCADE,
  ADD CONSTRAINT `md_generic_sale_md_user_id_md_user_id` FOREIGN KEY (`md_user_id`) REFERENCES `md_user` (`id`) ON DELETE CASCADE;

--
-- Constraints for table `md_generic_sale_item`
--
ALTER TABLE `md_generic_sale_item`
  ADD CONSTRAINT `md_generic_sale_item_md_generic_sale_id_md_generic_sale_id` FOREIGN KEY (`md_generic_sale_id`) REFERENCES `md_generic_sale` (`id`) ON DELETE CASCADE;

--
-- Constraints for table `md_locacion_temporada`
--
ALTER TABLE `md_locacion_temporada`
  ADD CONSTRAINT `md_locacion_temporada_md_locacion_id_md_locacion_id` FOREIGN KEY (`md_locacion_id`) REFERENCES `md_locacion` (`id`) ON DELETE CASCADE;

--
-- Constraints for table `md_locacion_translation`
--
ALTER TABLE `md_locacion_translation`
  ADD CONSTRAINT `md_locacion_translation_id_md_locacion_id` FOREIGN KEY (`id`) REFERENCES `md_locacion` (`id`) ON DELETE CASCADE ON UPDATE CASCADE;

--
-- Constraints for table `md_media_album`
--
ALTER TABLE `md_media_album`
  ADD CONSTRAINT `md_media_album_md_media_content_id_md_media_content_id` FOREIGN KEY (`md_media_content_id`) REFERENCES `md_media_content` (`id`),
  ADD CONSTRAINT `md_media_album_md_media_id_md_media_id` FOREIGN KEY (`md_media_id`) REFERENCES `md_media` (`id`);

--
-- Constraints for table `md_media_album_content`
--
ALTER TABLE `md_media_album_content`
  ADD CONSTRAINT `md_media_album_content_md_media_album_id_md_media_album_id` FOREIGN KEY (`md_media_album_id`) REFERENCES `md_media_album` (`id`),
  ADD CONSTRAINT `md_media_album_content_md_media_content_id_md_media_content_id` FOREIGN KEY (`md_media_content_id`) REFERENCES `md_media_content` (`id`);

--
-- Constraints for table `md_news_letter_group_sended`
--
ALTER TABLE `md_news_letter_group_sended`
  ADD CONSTRAINT `mmmi` FOREIGN KEY (`md_newsletter_group_id`) REFERENCES `md_news_letter_group` (`id`) ON DELETE CASCADE,
  ADD CONSTRAINT `mmmi_1` FOREIGN KEY (`md_newsletter_contend_sended_id`) REFERENCES `md_newsletter_content_sended` (`id`) ON DELETE CASCADE;

--
-- Constraints for table `md_news_letter_group_user`
--
ALTER TABLE `md_news_letter_group_user`
  ADD CONSTRAINT `mmmi_2` FOREIGN KEY (`md_newsletter_group_id`) REFERENCES `md_news_letter_group` (`id`) ON DELETE CASCADE,
  ADD CONSTRAINT `mmmi_3` FOREIGN KEY (`md_newsletter_user_id`) REFERENCES `md_news_letter_user` (`id`) ON DELETE CASCADE;

--
-- Constraints for table `md_news_letter_user`
--
ALTER TABLE `md_news_letter_user`
  ADD CONSTRAINT `md_news_letter_user_md_user_id_md_user_id` FOREIGN KEY (`md_user_id`) REFERENCES `md_user` (`id`) ON DELETE CASCADE;

--
-- Constraints for table `md_newsletter_content_sended`
--
ALTER TABLE `md_newsletter_content_sended`
  ADD CONSTRAINT `mmmi_4` FOREIGN KEY (`md_newsletter_content_id`) REFERENCES `md_newsletter_content` (`id`) ON DELETE CASCADE;

--
-- Constraints for table `md_newsletter_send`
--
ALTER TABLE `md_newsletter_send`
  ADD CONSTRAINT `md_newsletter_send_md_news_letter_user_id_md_news_letter_user_id` FOREIGN KEY (`md_news_letter_user_id`) REFERENCES `md_news_letter_user` (`id`) ON DELETE CASCADE,
  ADD CONSTRAINT `mmmi_5` FOREIGN KEY (`md_newsletter_content_sended_id`) REFERENCES `md_newsletter_content_sended` (`id`) ON DELETE CASCADE;

--
-- Constraints for table `md_ocupacion`
--
ALTER TABLE `md_ocupacion`
  ADD CONSTRAINT `md_ocupacion_md_apartamento_id_md_apartamento_id` FOREIGN KEY (`md_apartamento_id`) REFERENCES `md_apartamento` (`id`) ON DELETE CASCADE;

--
-- Constraints for table `md_passport`
--
ALTER TABLE `md_passport`
  ADD CONSTRAINT `md_passport_md_user_id_md_user_id` FOREIGN KEY (`md_user_id`) REFERENCES `md_user` (`id`);

--
-- Constraints for table `md_passport_remember_key`
--
ALTER TABLE `md_passport_remember_key`
  ADD CONSTRAINT `md_passport_remember_key_md_passport_id_md_passport_id` FOREIGN KEY (`md_passport_id`) REFERENCES `md_passport` (`id`) ON DELETE CASCADE;

--
-- Constraints for table `md_reserva`
--
ALTER TABLE `md_reserva`
  ADD CONSTRAINT `md_reserva_md_apartamento_id_md_apartamento_id` FOREIGN KEY (`md_apartamento_id`) REFERENCES `md_apartamento` (`id`) ON DELETE CASCADE,
  ADD CONSTRAINT `md_reserva_md_currency_id_md_currency_id` FOREIGN KEY (`md_currency_id`) REFERENCES `md_currency` (`id`) ON DELETE CASCADE,
  ADD CONSTRAINT `md_reserva_md_user_id_md_user_id` FOREIGN KEY (`md_user_id`) REFERENCES `md_user` (`id`) ON DELETE CASCADE;

--
-- Constraints for table `md_user_search`
--
ALTER TABLE `md_user_search`
  ADD CONSTRAINT `md_user_search_md_user_id_md_user_id` FOREIGN KEY (`md_user_id`) REFERENCES `md_user` (`id`) ON DELETE CASCADE;

--
-- Constraints for table `temporada_anual`
--
ALTER TABLE `temporada_anual`
  ADD CONSTRAINT `temporada_anual_md_locacion_id_md_locacion_id` FOREIGN KEY (`md_locacion_id`) REFERENCES `md_locacion` (`id`) ON DELETE CASCADE;
SET FOREIGN_KEY_CHECKS=1;

/*!40101 SET CHARACTER_SET_CLIENT=@OLD_CHARACTER_SET_CLIENT */;
/*!40101 SET CHARACTER_SET_RESULTS=@OLD_CHARACTER_SET_RESULTS */;
/*!40101 SET COLLATION_CONNECTION=@OLD_COLLATION_CONNECTION */;
